51.0, 2.0, 3.0, 4.0, 2.0, 1.0, 2.0, 1.0
27.0, 1.0, 1.0, 4.0, 2.0, 2.0, 2.0, 2.0
27.0, 1.0, 4.0, 4.0, 2.0, 1.0, 2.0, 2.0
33.0, 3.0, 2.0, 4.0, 2.0, 2.0, 2.0, 2.0
31.0, 4.0, 2.0, 4.0, 2.0, 1.0, 2.0, 2.0
33.0, 1.0, 2.0, 4.0, 2.0, 1.0, 2.0, 2.0
21.0, 6.0, 3.0, 4.0, 2.0, 1.0, 2.0, 2.0
29.0, 1.0, 3.0, 4.0, 2.0, 2.0, 2.0, 2.0
52.0, 1.0, 3.0, 4.0, 2.0, 1.0, 2.0, 1.0
15.0, 1.0, 3.0, 4.0, 2.0, 2.0, 2.0, 2.0
35.0, 1.0, 2.0, 4.0, 2.0, 2.0, 2.0, 2.0
35.0, 1.0, 2.0, 4.0, 2.0, 1.0, 2.0, 2.0
43.0, 1.0, 2.0, 4.0, 2.0, 2.0, 2.0, 1.0
35.0, 1.0, 5.0, 4.0, 2.0, 1.0, 2.0, 2.0
29.0, 1.0, 1.0, 4.0, 2.0, 2.0, 2.0, 2.0
42.0, 1.0, 4.0, 4.0, 2.0, 1.0, 2.0, 2.0
33.0, 1.0, 1.0, 4.0, 2.0, 2.0, 2.0, 2.0
28.0, 1.0, 3.0, 4.0, 2.0, 1.0, 2.0, 1.0
35.0, 1.0, 1.0, 4.0, 2.0, 2.0, 2.0, 2.0
31.0, 1.0, 2.0, 4.0, 2.0, 2.0, 1.0, 2.0
43.0, 3.0, 3.0, 4.0, 2.0, 1.0, 2.0, 2.0
31.0, 1.0, 2.0, 4.0, 2.0, 1.0, 2.0, 2.0
41.0, 1.0, 3.0, 4.0, 2.0, 1.0, 1.0, 2.0
50.0, 1.0, 2.0, 4.0, 2.0, 2.0, 2.0, 2.0
41.0, 1.0, 3.0, 4.0, 2.0, 1.0, 2.0, 2.0
50.0, 2.0, 2.0, 4.0, 2.0, 2.0, 2.0, 2.0
13.0, 1.0, 2.0, 4.0, 2.0, 1.0, 2.0, 2.0
13.0, 1.0, 4.0, 4.0, 2.0, 1.0, 1.0, 1.0
14.0, 1.0, 3.0, 4.0, 2.0, 2.0, 2.0, 2.0
24.0, 2.0, 2.0, 4.0, 2.0, 2.0, 2.0, 1.0
23.0, 1.0, 2.0, 4.0, 2.0, 2.0, 2.0, 2.0
35.0, 1.0, 2.0, 4.0, 2.0, 2.0, 2.0, 2.0
27.0, 1.0, 4.0, 4.0, 2.0, 1.0, 2.0, 2.0
31.0, 4.0, 3.0, 4.0, 2.0, 1.0, 2.0, 2.0
41.0, 1.0, 2.0, 4.0, 2.0, 2.0, 2.0, 2.0
41.0, 1.0, 2.0, 4.0, 2.0, 1.0, 2.0, 2.0
52.0, 1.0, 1.0, 4.0, 2.0, 2.0, 2.0, 2.0
27.0, 1.0, 2.0, 4.0, 2.0, 2.0, 2.0, 2.0
12.0, 1.0, 3.0, 4.0, 2.0, 1.0, 2.0, 1.0
51.0, 1.0, 3.0, 4.0, 2.0, 2.0, 1.0, 2.0
25.0, 6.0, 3.0, 4.0, 2.0, 2.0, 2.0, 2.0
15.0, 6.0, 2.0, 4.0, 2.0, 2.0, 2.0, 2.0
16.0, 2.0, 2.0, 4.0, 2.0, 1.0, 2.0, 1.0
17.0, 1.0, 3.0, 4.0, 2.0, 1.0, 2.0, 1.0
17.0, 1.0, 2.0, 4.0, 2.0, 1.0, 2.0, 2.0
29.0, 1.0, 2.0, 4.0, 2.0, 2.0, 2.0, 2.0
23.0, 1.0, 4.0, 4.0, 2.0, 1.0, 1.0, 2.0
50.0, 1.0, 3.0, 4.0, 2.0, 1.0, 2.0, 2.0
16.0, 1.0, 5.0, 4.0, 2.0, 1.0, 2.0, 2.0
51.0, 2.0, 3.0, 4.0, 2.0, 1.0, 2.0, 2.0
24.0, 1.0, 4.0, 4.0, 2.0, 1.0, 2.0, 2.0
25.0, 5.0, 2.0, 4.0, 2.0, 2.0, 2.0, 2.0
33.0, 1.0, 3.0, 4.0, 2.0, 2.0, 2.0, 2.0
43.0, 1.0, 2.0, 4.0, 2.0, 1.0, 2.0, 1.0
25.0, 1.0, 4.0, 4.0, 2.0, 2.0, 2.0, 2.0
26.0, 1.0, 4.0, 4.0, 2.0, 1.0, 2.0, 2.0
21.0, 1.0, 2.0, 4.0, 2.0, 2.0, 2.0, 2.0
31.0, 1.0, 2.0, 4.0, 2.0, 2.0, 2.0, 2.0
26.0, 1.0, 3.0, 4.0, 2.0, 2.0, 2.0, 2.0
52.0, 1.0, 3.0, 4.0, 2.0, 1.0, 1.0, 1.0
35.0, 1.0, 2.0, 4.0, 2.0, 2.0, 2.0, 2.0
35.0, 1.0, 2.0, 4.0, 2.0, 2.0, 2.0, 2.0
13.0, 4.0, 3.0, 4.0, 2.0, 1.0, 2.0, 2.0
41.0, 4.0, 3.0, 4.0, 2.0, 1.0, 1.0, 1.0
31.0, 4.0, 5.0, 4.0, 2.0, 2.0, 2.0, 2.0
35.0, 1.0, 2.0, 4.0, 2.0, 2.0, 2.0, 2.0
25.0, 1.0, 3.0, 4.0, 2.0, 1.0, 2.0, 2.0
33.0, 1.0, 3.0, 4.0, 2.0, 1.0, 1.0, 2.0
33.0, 1.0, 2.0, 4.0, 2.0, 2.0, 2.0, 2.0
22.0, 6.0, 2.0, 4.0, 2.0, 2.0, 2.0, 2.0
31.0, 1.0, 3.0, 4.0, 2.0, 1.0, 2.0, 2.0
22.0, 1.0, 3.0, 4.0, 2.0, 2.0, 2.0, 2.0
29.0, 1.0, 3.0, 4.0, 2.0, 2.0, 2.0, 2.0
31.0, 1.0, 4.0, 4.0, 2.0, 1.0, 2.0, 2.0
42.0, 1.0, 4.0, 4.0, 2.0, 1.0, 1.0, 2.0
29.0, 1.0, 3.0, 4.0, 2.0, 2.0, 2.0, 1.0
50.0, 4.0, 2.0, 4.0, 2.0, 2.0, 2.0, 2.0
13.0, 1.0, 3.0, 4.0, 2.0, 2.0, 2.0, 2.0
41.0, 1.0, 2.0, 4.0, 2.0, 2.0, 2.0, 2.0
26.0, 1.0, 4.0, 4.0, 2.0, 1.0, 2.0, 2.0
41.0, 2.0, 4.0, 4.0, 2.0, 1.0, 1.0, 1.0
23.0, 6.0, 2.0, 4.0, 2.0, 1.0, 2.0, 2.0
13.0, 4.0, 1.0, 4.0, 2.0, 2.0, 2.0, 2.0
17.0, 2.0, 1.0, 4.0, 2.0, 1.0, 2.0, 2.0
43.0, 3.0, 2.0, 4.0, 2.0, 2.0, 2.0, 2.0
51.0, 1.0, 4.0, 4.0, 1.0, 2.0, 1.0, 2.0
28.0, 1.0, 2.0, 4.0, 2.0, 1.0, 1.0, 2.0
21.0, 1.0, 3.0, 4.0, 2.0, 1.0, 2.0, 2.0
35.0, 1.0, 3.0, 4.0, 2.0, 1.0, 2.0, 2.0
43.0, 1.0, 1.0, 4.0, 2.0, 2.0, 2.0, 2.0
14.0, 1.0, 2.0, 4.0, 2.0, 2.0, 2.0, 2.0
14.0, 1.0, 2.0, 4.0, 2.0, 2.0, 1.0, 2.0
12.0, 3.0, 4.0, 4.0, 2.0, 1.0, 1.0, 1.0
43.0, 1.0, 3.0, 4.0, 2.0, 2.0, 2.0, 2.0
53.0, 1.0, 3.0, 4.0, 2.0, 1.0, 2.0, 2.0
31.0, 1.0, 2.0, 4.0, 2.0, 2.0, 2.0, 2.0
35.0, 1.0, 3.0, 4.0, 2.0, 1.0, 2.0, 2.0
13.0, 1.0, 4.0, 4.0, 2.0, 2.0, 2.0, 2.0
12.0, 3.0, 5.0, 4.0, 2.0, 2.0, 2.0, 2.0
50.0, 1.0, 2.0, 4.0, 2.0, 2.0, 2.0, 2.0
22.0, 3.0, 3.0, 4.0, 2.0, 1.0, 1.0, 2.0
42.0, 1.0, 3.0, 4.0, 2.0, 1.0, 2.0, 2.0
43.0, 1.0, 2.0, 3.0, 2.0, 1.0, 2.0, 2.0
31.0, 1.0, 2.0, 4.0, 2.0, 2.0, 2.0, 2.0
28.0, 1.0, 3.0, 4.0, 2.0, 2.0, 2.0, 2.0
15.0, 2.0, 5.0, 4.0, 2.0, 1.0, 2.0, 2.0
22.0, 6.0, 2.0, 4.0, 2.0, 2.0, 2.0, 2.0
26.0, 1.0, 2.0, 4.0, 2.0, 1.0, 2.0, 2.0
50.0, 1.0, 2.0, 4.0, 2.0, 2.0, 2.0, 2.0
53.0, 1.0, 3.0, 4.0, 2.0, 1.0, 2.0, 2.0
17.0, 1.0, 3.0, 4.0, 2.0, 2.0, 2.0, 2.0
28.0, 1.0, 3.0, 4.0, 2.0, 2.0, 2.0, 2.0
23.0, 2.0, 2.0, 4.0, 2.0, 2.0, 2.0, 2.0
29.0, 1.0, 3.0, 4.0, 2.0, 2.0, 2.0, 2.0
35.0, 1.0, 2.0, 4.0, 2.0, 2.0, 2.0, 2.0
51.0, 1.0, 1.0, 4.0, 2.0, 2.0, 2.0, 2.0
43.0, 1.0, 3.0, 4.0, 2.0, 2.0, 2.0, 2.0
23.0, 1.0, 3.0, 4.0, 2.0, 2.0, 2.0, 2.0
29.0, 1.0, 3.0, 4.0, 2.0, 1.0, 1.0, 2.0
25.0, 1.0, 2.0, 4.0, 2.0, 1.0, 1.0, 1.0
22.0, 1.0, 3.0, 4.0, 2.0, 2.0, 2.0, 2.0
26.0, 1.0, 1.0, 4.0, 2.0, 2.0, 2.0, 2.0
31.0, 3.0, 2.0, 4.0, 2.0, 1.0, 1.0, 1.0
42.0, 3.0, 3.0, 4.0, 2.0, 2.0, 2.0, 2.0
35.0, 1.0, 1.0, 4.0, 2.0, 2.0, 2.0, 2.0
28.0, 1.0, 3.0, 4.0, 2.0, 1.0, 2.0, 1.0
24.0, 1.0, 4.0, 4.0, 2.0, 1.0, 2.0, 2.0
35.0, 1.0, 3.0, 4.0, 2.0, 1.0, 1.0, 2.0
43.0, 1.0, 4.0, 4.0, 2.0, 1.0, 1.0, 1.0
35.0, 1.0, 3.0, 4.0, 2.0, 1.0, 1.0, 1.0
25.0, 1.0, 3.0, 4.0, 2.0, 2.0, 2.0, 2.0
22.0, 1.0, 4.0, 4.0, 2.0, 1.0, 1.0, 2.0
32.0, 1.0, 3.0, 4.0, 2.0, 1.0, 2.0, 2.0
23.0, 1.0, 2.0, 4.0, 2.0, 2.0, 2.0, 2.0
41.0, 1.0, 2.0, 4.0, 2.0, 1.0, 2.0, 2.0
23.0, 2.0, 3.0, 4.0, 2.0, 1.0, 2.0, 2.0
23.0, 1.0, 3.0, 4.0, 2.0, 2.0, 2.0, 1.0
17.0, 1.0, 2.0, 4.0, 2.0, 2.0, 2.0, 2.0
28.0, 6.0, 2.0, 4.0, 2.0, 2.0, 2.0, 2.0
35.0, 1.0, 4.0, 4.0, 2.0, 1.0, 2.0, 1.0
17.0, 2.0, 3.0, 4.0, 2.0, 2.0, 2.0, 2.0
51.0, 3.0, 3.0, 4.0, 2.0, 1.0, 2.0, 2.0
27.0, 2.0, 3.0, 4.0, 2.0, 2.0, 2.0, 2.0
25.0, 1.0, 2.0, 4.0, 2.0, 2.0, 2.0, 2.0
16.0, 3.0, 3.0, 4.0, 2.0, 2.0, 2.0, 2.0
13.0, 1.0, 2.0, 4.0, 2.0, 2.0, 2.0, 2.0
14.0, 1.0, 3.0, 4.0, 2.0, 1.0, 2.0, 2.0
17.0, 1.0, 3.0, 4.0, 2.0, 1.0, 2.0, 2.0
31.0, 1.0, 2.0, 4.0, 2.0, 2.0, 2.0, 2.0
33.0, 1.0, 2.0, 4.0, 2.0, 1.0, 2.0, 2.0
16.0, 1.0, 3.0, 4.0, 2.0, 1.0, 2.0, 2.0
15.0, 1.0, 3.0, 4.0, 2.0, 1.0, 2.0, 2.0
21.0, 1.0, 2.0, 4.0, 2.0, 2.0, 1.0, 2.0
33.0, 1.0, 1.0, 4.0, 2.0, 1.0, 1.0, 2.0
50.0, 1.0, 1.0, 4.0, 2.0, 2.0, 2.0, 1.0
35.0, 1.0, 2.0, 4.0, 2.0, 2.0, 2.0, 2.0
12.0, 1.0, 3.0, 4.0, 2.0, 2.0, 2.0, 2.0
41.0, 1.0, 3.0, 4.0, 2.0, 2.0, 2.0, 2.0
43.0, 2.0, 4.0, 4.0, 2.0, 1.0, 2.0, 2.0
43.0, 1.0, 3.0, 4.0, 2.0, 2.0, 2.0, 2.0
50.0, 1.0, 4.0, 4.0, 2.0, 1.0, 2.0, 1.0
14.0, 1.0, 2.0, 4.0, 2.0, 2.0, 2.0, 2.0
26.0, 1.0, 5.0, 4.0, 2.0, 1.0, 2.0, 2.0
35.0, 1.0, 3.0, 4.0, 2.0, 1.0, 2.0, 2.0
50.0, 1.0, 3.0, 4.0, 2.0, 2.0, 2.0, 2.0
27.0, 1.0, 4.0, 4.0, 2.0, 1.0, 2.0, 2.0
26.0, 1.0, 2.0, 4.0, 2.0, 1.0, 2.0, 2.0
25.0, 1.0, 2.0, 4.0, 2.0, 2.0, 2.0, 2.0
21.0, 3.0, 3.0, 4.0, 2.0, 2.0, 2.0, 2.0
15.0, 3.0, 3.0, 4.0, 2.0, 1.0, 1.0, 2.0
31.0, 2.0, 3.0, 4.0, 2.0, 1.0, 1.0, 2.0
23.0, 1.0, 2.0, 4.0, 2.0, 2.0, 2.0, 2.0
14.0, 1.0, 3.0, 4.0, 2.0, 2.0, 2.0, 2.0
14.0, 1.0, 2.0, 4.0, 2.0, 2.0, 2.0, 2.0
41.0, 1.0, 1.0, 4.0, 2.0, 2.0, 2.0, 2.0
21.0, 3.0, 5.0, 4.0, 2.0, 1.0, 2.0, 2.0
33.0, 1.0, 3.0, 4.0, 2.0, 1.0, 2.0, 2.0
28.0, 1.0, 2.0, 4.0, 2.0, 2.0, 2.0, 2.0
25.0, 1.0, 2.0, 4.0, 2.0, 2.0, 2.0, 2.0
26.0, 5.0, 2.0, 4.0, 2.0, 2.0, 2.0, 2.0
23.0, 1.0, 3.0, 4.0, 2.0, 2.0, 2.0, 2.0
52.0, 1.0, 2.0, 4.0, 2.0, 1.0, 2.0, 2.0
53.0, 1.0, 2.0, 4.0, 2.0, 2.0, 2.0, 2.0
42.0, 1.0, 2.0, 4.0, 2.0, 2.0, 1.0, 2.0
26.0, 1.0, 1.0, 4.0, 2.0, 2.0, 2.0, 2.0
35.0, 1.0, 4.0, 1.0, 2.0, 2.0, 2.0, 2.0
35.0, 1.0, 2.0, 4.0, 2.0, 2.0, 2.0, 2.0
35.0, 1.0, 2.0, 4.0, 2.0, 2.0, 2.0, 2.0
15.0, 1.0, 4.0, 4.0, 2.0, 1.0, 2.0, 2.0
22.0, 1.0, 2.0, 4.0, 2.0, 2.0, 2.0, 2.0
42.0, 2.0, 3.0, 4.0, 2.0, 1.0, 2.0, 2.0
23.0, 1.0, 3.0, 4.0, 2.0, 2.0, 2.0, 2.0
51.0, 1.0, 3.0, 4.0, 2.0, 2.0, 2.0, 2.0
29.0, 1.0, 4.0, 4.0, 2.0, 2.0, 2.0, 2.0
33.0, 2.0, 3.0, 4.0, 2.0, 2.0, 2.0, 2.0
22.0, 1.0, 3.0, 4.0, 2.0, 1.0, 2.0, 1.0
31.0, 1.0, 5.0, 4.0, 2.0, 2.0, 2.0, 2.0
43.0, 1.0, 3.0, 4.0, 2.0, 2.0, 2.0, 2.0
52.0, 1.0, 4.0, 4.0, 2.0, 1.0, 2.0, 2.0
43.0, 1.0, 3.0, 4.0, 2.0, 1.0, 2.0, 2.0
27.0, 1.0, 3.0, 4.0, 2.0, 2.0, 2.0, 2.0
21.0, 1.0, 3.0, 4.0, 2.0, 2.0, 2.0, 2.0
35.0, 1.0, 3.0, 4.0, 2.0, 2.0, 2.0, 2.0
14.0, 1.0, 2.0, 4.0, 2.0, 1.0, 2.0, 2.0
17.0, 1.0, 4.0, 4.0, 2.0, 1.0, 2.0, 1.0
21.0, 1.0, 2.0, 4.0, 2.0, 2.0, 2.0, 2.0
15.0, 1.0, 3.0, 4.0, 2.0, 2.0, 2.0, 2.0
12.0, 6.0, 2.0, 4.0, 2.0, 2.0, 2.0, 2.0
21.0, 1.0, 4.0, 4.0, 2.0, 2.0, 2.0, 2.0
21.0, 3.0, 3.0, 4.0, 2.0, 1.0, 1.0, 2.0
13.0, 1.0, 3.0, 4.0, 2.0, 1.0, 1.0, 2.0
51.0, 1.0, 4.0, 4.0, 2.0, 2.0, 2.0, 2.0
28.0, 1.0, 5.0, 4.0, 2.0, 1.0, 1.0, 1.0
35.0, 1.0, 2.0, 4.0, 2.0, 2.0, 2.0, 2.0
26.0, 1.0, 4.0, 4.0, 2.0, 1.0, 2.0, 1.0
33.0, 1.0, 2.0, 4.0, 2.0, 1.0, 1.0, 2.0
14.0, 1.0, 2.0, 4.0, 2.0, 2.0, 2.0, 2.0
17.0, 1.0, 3.0, 4.0, 2.0, 2.0, 2.0, 2.0
29.0, 1.0, 2.0, 4.0, 2.0, 2.0, 2.0, 2.0
21.0, 4.0, 2.0, 4.0, 2.0, 2.0, 2.0, 2.0
42.0, 2.0, 2.0, 4.0, 2.0, 2.0, 2.0, 2.0
43.0, 1.0, 2.0, 4.0, 2.0, 2.0, 2.0, 2.0
22.0, 1.0, 2.0, 4.0, 2.0, 2.0, 2.0, 2.0
17.0, 3.0, 4.0, 4.0, 2.0, 1.0, 2.0, 1.0
43.0, 1.0, 2.0, 4.0, 2.0, 2.0, 1.0, 2.0
16.0, 1.0, 2.0, 4.0, 2.0, 2.0, 2.0, 2.0
42.0, 2.0, 2.0, 4.0, 2.0, 1.0, 2.0, 2.0
35.0, 1.0, 2.0, 4.0, 2.0, 2.0, 2.0, 2.0
53.0, 1.0, 1.0, 4.0, 2.0, 2.0, 2.0, 2.0
25.0, 1.0, 2.0, 4.0, 2.0, 1.0, 2.0, 2.0
41.0, 1.0, 2.0, 4.0, 2.0, 2.0, 2.0, 2.0
42.0, 4.0, 5.0, 4.0, 2.0, 1.0, 2.0, 2.0
41.0, 1.0, 2.0, 4.0, 2.0, 1.0, 1.0, 2.0
33.0, 1.0, 2.0, 4.0, 2.0, 1.0, 2.0, 2.0
42.0, 2.0, 3.0, 4.0, 2.0, 1.0, 2.0, 2.0
41.0, 1.0, 2.0, 4.0, 2.0, 1.0, 2.0, 2.0
17.0, 3.0, 2.0, 4.0, 2.0, 1.0, 2.0, 2.0
53.0, 1.0, 2.0, 4.0, 2.0, 2.0, 2.0, 2.0
42.0, 3.0, 3.0, 4.0, 2.0, 2.0, 2.0, 2.0
53.0, 1.0, 3.0, 4.0, 2.0, 1.0, 2.0, 2.0
31.0, 1.0, 2.0, 4.0, 2.0, 1.0, 1.0, 1.0
26.0, 6.0, 2.0, 4.0, 2.0, 2.0, 2.0, 2.0
52.0, 1.0, 3.0, 4.0, 2.0, 1.0, 2.0, 2.0
41.0, 1.0, 4.0, 4.0, 2.0, 1.0, 2.0, 2.0
26.0, 1.0, 4.0, 4.0, 2.0, 2.0, 2.0, 1.0
35.0, 1.0, 2.0, 4.0, 2.0, 1.0, 1.0, 2.0
42.0, 2.0, 2.0, 4.0, 2.0, 2.0, 2.0, 2.0
31.0, 1.0, 1.0, 4.0, 2.0, 2.0, 2.0, 2.0
24.0, 1.0, 3.0, 4.0, 2.0, 2.0, 2.0, 2.0
33.0, 1.0, 4.0, 4.0, 2.0, 2.0, 1.0, 2.0
43.0, 1.0, 2.0, 4.0, 2.0, 1.0, 2.0, 1.0
43.0, 1.0, 4.0, 4.0, 2.0, 1.0, 2.0, 1.0
53.0, 1.0, 2.0, 4.0, 2.0, 1.0, 2.0, 2.0
26.0, 1.0, 2.0, 4.0, 2.0, 1.0, 2.0, 2.0
42.0, 1.0, 2.0, 4.0, 2.0, 2.0, 2.0, 2.0
35.0, 1.0, 3.0, 4.0, 2.0, 1.0, 1.0, 1.0
24.0, 3.0, 3.0, 4.0, 2.0, 1.0, 1.0, 2.0
33.0, 1.0, 2.0, 4.0, 2.0, 2.0, 2.0, 2.0
52.0, 2.0, 3.0, 4.0, 2.0, 2.0, 2.0, 2.0
43.0, 1.0, 1.0, 4.0, 2.0, 2.0, 2.0, 2.0
43.0, 1.0, 3.0, 4.0, 2.0, 1.0, 2.0, 2.0
22.0, 1.0, 2.0, 4.0, 2.0, 2.0, 2.0, 1.0
24.0, 6.0, 2.0, 4.0, 2.0, 1.0, 2.0, 2.0
21.0, 2.0, 4.0, 4.0, 2.0, 1.0, 2.0, 2.0
14.0, 1.0, 3.0, 4.0, 2.0, 1.0, 2.0, 1.0
21.0, 1.0, 3.0, 4.0, 2.0, 1.0, 2.0, 1.0
11.0, 3.0, 2.0, 4.0, 2.0, 2.0, 2.0, 2.0
43.0, 1.0, 2.0, 4.0, 2.0, 2.0, 2.0, 2.0
35.0, 3.0, 2.0, 4.0, 2.0, 2.0, 2.0, 2.0
15.0, 3.0, 4.0, 4.0, 2.0, 2.0, 2.0, 1.0
27.0, 1.0, 3.0, 4.0, 2.0, 1.0, 2.0, 2.0
33.0, 1.0, 1.0, 4.0, 2.0, 2.0, 2.0, 2.0
21.0, 1.0, 3.0, 4.0, 2.0, 2.0, 2.0, 2.0
21.0, 1.0, 2.0, 4.0, 2.0, 2.0, 2.0, 2.0
35.0, 1.0, 2.0, 4.0, 2.0, 1.0, 2.0, 2.0
42.0, 2.0, 3.0, 4.0, 2.0, 1.0, 2.0, 2.0
11.0, 3.0, 3.0, 4.0, 2.0, 2.0, 2.0, 2.0
22.0, 1.0, 2.0, 4.0, 2.0, 1.0, 1.0, 1.0
28.0, 1.0, 3.0, 4.0, 2.0, 1.0, 2.0, 2.0
24.0, 1.0, 5.0, 4.0, 2.0, 1.0, 2.0, 2.0
53.0, 1.0, 3.0, 4.0, 2.0, 1.0, 1.0, 1.0
35.0, 1.0, 2.0, 4.0, 2.0, 2.0, 2.0, 2.0
32.0, 1.0, 3.0, 4.0, 2.0, 1.0, 1.0, 2.0
26.0, 1.0, 3.0, 4.0, 2.0, 1.0, 1.0, 2.0
43.0, 3.0, 3.0, 4.0, 2.0, 2.0, 2.0, 1.0
31.0, 1.0, 3.0, 4.0, 2.0, 1.0, 1.0, 2.0
43.0, 1.0, 3.0, 4.0, 2.0, 1.0, 2.0, 2.0
32.0, 1.0, 4.0, 4.0, 2.0, 1.0, 1.0, 1.0
12.0, 1.0, 5.0, 4.0, 2.0, 1.0, 2.0, 2.0
43.0, 1.0, 3.0, 4.0, 2.0, 2.0, 2.0, 2.0
27.0, 1.0, 3.0, 4.0, 2.0, 2.0, 2.0, 2.0
31.0, 1.0, 3.0, 4.0, 2.0, 2.0, 2.0, 2.0
26.0, 2.0, 2.0, 4.0, 2.0, 2.0, 2.0, 2.0
41.0, 1.0, 3.0, 4.0, 2.0, 1.0, 2.0, 2.0
35.0, 1.0, 4.0, 4.0, 2.0, 1.0, 1.0, 2.0
13.0, 1.0, 3.0, 4.0, 2.0, 2.0, 2.0, 2.0
28.0, 1.0, 3.0, 4.0, 2.0, 2.0, 2.0, 2.0
42.0, 1.0, 3.0, 4.0, 2.0, 1.0, 2.0, 2.0
41.0, 1.0, 1.0, 4.0, 2.0, 1.0, 2.0, 2.0
29.0, 1.0, 2.0, 4.0, 2.0, 1.0, 2.0, 2.0
12.0, 1.0, 2.0, 4.0, 2.0, 2.0, 2.0, 2.0
31.0, 1.0, 2.0, 4.0, 2.0, 2.0, 2.0, 2.0
21.0, 1.0, 2.0, 4.0, 2.0, 1.0, 2.0, 2.0
14.0, 1.0, 3.0, 4.0, 2.0, 1.0, 2.0, 2.0
22.0, 2.0, 2.0, 4.0, 2.0, 2.0, 2.0, 2.0
16.0, 2.0, 2.0, 4.0, 2.0, 2.0, 2.0, 2.0
42.0, 4.0, 4.0, 4.0, 2.0, 1.0, 2.0, 2.0
51.0, 1.0, 1.0, 4.0, 2.0, 2.0, 2.0, 2.0
21.0, 1.0, 3.0, 4.0, 2.0, 1.0, 2.0, 2.0
21.0, 1.0, 2.0, 4.0, 2.0, 2.0, 2.0, 2.0
52.0, 2.0, 3.0, 4.0, 2.0, 1.0, 2.0, 2.0
29.0, 1.0, 2.0, 4.0, 2.0, 2.0, 2.0, 2.0
41.0, 1.0, 1.0, 4.0, 2.0, 2.0, 2.0, 2.0
26.0, 1.0, 1.0, 4.0, 2.0, 2.0, 2.0, 2.0
35.0, 1.0, 3.0, 4.0, 2.0, 1.0, 1.0, 1.0
33.0, 1.0, 3.0, 4.0, 2.0, 1.0, 2.0, 2.0
31.0, 3.0, 2.0, 4.0, 2.0, 2.0, 2.0, 2.0
27.0, 1.0, 3.0, 4.0, 2.0, 2.0, 2.0, 2.0
50.0, 2.0, 3.0, 4.0, 2.0, 1.0, 2.0, 2.0
33.0, 1.0, 4.0, 4.0, 2.0, 1.0, 1.0, 2.0
31.0, 1.0, 2.0, 4.0, 2.0, 2.0, 1.0, 2.0
25.0, 1.0, 3.0, 4.0, 2.0, 1.0, 2.0, 2.0
31.0, 1.0, 3.0, 4.0, 2.0, 2.0, 2.0, 2.0
42.0, 1.0, 1.0, 4.0, 2.0, 2.0, 2.0, 2.0
15.0, 6.0, 3.0, 4.0, 2.0, 2.0, 2.0, 2.0
17.0, 4.0, 2.0, 4.0, 2.0, 2.0, 2.0, 2.0
28.0, 1.0, 3.0, 4.0, 2.0, 2.0, 2.0, 2.0
28.0, 1.0, 2.0, 4.0, 2.0, 2.0, 2.0, 2.0
35.0, 1.0, 3.0, 4.0, 2.0, 1.0, 2.0, 2.0
43.0, 1.0, 3.0, 4.0, 2.0, 1.0, 2.0, 1.0
43.0, 1.0, 2.0, 4.0, 2.0, 1.0, 2.0, 2.0
26.0, 1.0, 2.0, 4.0, 2.0, 2.0, 2.0, 2.0
42.0, 1.0, 2.0, 4.0, 2.0, 2.0, 2.0, 2.0
23.0, 1.0, 2.0, 4.0, 2.0, 2.0, 2.0, 2.0
14.0, 1.0, 3.0, 4.0, 2.0, 1.0, 1.0, 2.0
25.0, 3.0, 3.0, 4.0, 2.0, 1.0, 2.0, 2.0
35.0, 1.0, 2.0, 4.0, 2.0, 2.0, 2.0, 2.0
21.0, 1.0, 4.0, 4.0, 2.0, 1.0, 2.0, 2.0
26.0, 1.0, 4.0, 4.0, 2.0, 1.0, 1.0, 2.0
33.0, 1.0, 3.0, 4.0, 2.0, 1.0, 2.0, 1.0
31.0, 1.0, 2.0, 4.0, 2.0, 2.0, 2.0, 2.0
23.0, 1.0, 2.0, 4.0, 2.0, 2.0, 2.0, 2.0
16.0, 1.0, 4.0, 4.0, 2.0, 1.0, 2.0, 2.0
50.0, 1.0, 2.0, 4.0, 2.0, 2.0, 2.0, 2.0
15.0, 1.0, 3.0, 4.0, 2.0, 2.0, 2.0, 2.0
21.0, 1.0, 3.0, 4.0, 2.0, 2.0, 2.0, 2.0
35.0, 4.0, 4.0, 4.0, 2.0, 1.0, 2.0, 2.0
50.0, 1.0, 4.0, 4.0, 2.0, 2.0, 2.0, 2.0
16.0, 1.0, 3.0, 4.0, 2.0, 2.0, 2.0, 2.0
51.0, 2.0, 1.0, 4.0, 2.0, 2.0, 2.0, 2.0
31.0, 3.0, 3.0, 4.0, 2.0, 1.0, 2.0, 2.0
51.0, 1.0, 3.0, 4.0, 2.0, 1.0, 1.0, 2.0
22.0, 1.0, 3.0, 4.0, 2.0, 1.0, 2.0, 2.0
15.0, 2.0, 3.0, 4.0, 2.0, 1.0, 1.0, 1.0
26.0, 1.0, 2.0, 4.0, 2.0, 1.0, 2.0, 2.0
43.0, 1.0, 4.0, 4.0, 2.0, 1.0, 1.0, 1.0
50.0, 1.0, 1.0, 4.0, 2.0, 1.0, 2.0, 2.0
26.0, 1.0, 2.0, 4.0, 2.0, 1.0, 1.0, 2.0
27.0, 1.0, 3.0, 4.0, 2.0, 1.0, 2.0, 2.0
42.0, 1.0, 2.0, 4.0, 2.0, 2.0, 2.0, 2.0
41.0, 2.0, 2.0, 4.0, 2.0, 1.0, 2.0, 2.0
21.0, 1.0, 3.0, 4.0, 2.0, 2.0, 2.0, 2.0
23.0, 6.0, 3.0, 4.0, 2.0, 2.0, 2.0, 2.0
24.0, 1.0, 2.0, 4.0, 2.0, 2.0, 2.0, 2.0
50.0, 1.0, 2.0, 4.0, 2.0, 2.0, 2.0, 2.0
52.0, 1.0, 2.0, 4.0, 2.0, 2.0, 2.0, 2.0
21.0, 1.0, 3.0, 4.0, 2.0, 1.0, 2.0, 2.0
52.0, 1.0, 3.0, 4.0, 2.0, 1.0, 2.0, 2.0
32.0, 1.0, 3.0, 4.0, 2.0, 2.0, 2.0, 2.0
32.0, 1.0, 3.0, 4.0, 2.0, 1.0, 2.0, 2.0
52.0, 1.0, 2.0, 4.0, 2.0, 2.0, 2.0, 2.0
43.0, 1.0, 5.0, 4.0, 1.0, 1.0, 2.0, 1.0
23.0, 1.0, 3.0, 4.0, 2.0, 1.0, 1.0, 2.0
26.0, 6.0, 2.0, 4.0, 2.0, 2.0, 2.0, 2.0
51.0, 2.0, 2.0, 4.0, 2.0, 1.0, 2.0, 2.0
12.0, 1.0, 3.0, 4.0, 2.0, 1.0, 2.0, 2.0
12.0, 2.0, 2.0, 4.0, 2.0, 2.0, 2.0, 2.0
33.0, 2.0, 2.0, 4.0, 2.0, 1.0, 2.0, 2.0
35.0, 1.0, 2.0, 4.0, 2.0, 2.0, 2.0, 2.0
31.0, 1.0, 3.0, 4.0, 2.0, 1.0, 2.0, 2.0
31.0, 1.0, 1.0, 4.0, 2.0, 1.0, 2.0, 2.0
41.0, 1.0, 2.0, 4.0, 2.0, 2.0, 2.0, 2.0
27.0, 1.0, 3.0, 4.0, 2.0, 1.0, 2.0, 2.0
15.0, 2.0, 4.0, 4.0, 2.0, 1.0, 2.0, 1.0
11.0, 3.0, 3.0, 4.0, 2.0, 2.0, 2.0, 2.0
28.0, 1.0, 3.0, 4.0, 2.0, 2.0, 2.0, 2.0
17.0, 1.0, 1.0, 4.0, 2.0, 2.0, 2.0, 2.0
31.0, 1.0, 3.0, 4.0, 2.0, 1.0, 2.0, 2.0
31.0, 1.0, 2.0, 4.0, 2.0, 1.0, 2.0, 2.0
23.0, 1.0, 2.0, 4.0, 2.0, 1.0, 2.0, 2.0
26.0, 1.0, 4.0, 4.0, 2.0, 1.0, 2.0, 1.0
50.0, 1.0, 3.0, 4.0, 2.0, 1.0, 2.0, 2.0
52.0, 1.0, 3.0, 4.0, 2.0, 2.0, 1.0, 1.0
25.0, 1.0, 4.0, 4.0, 2.0, 1.0, 1.0, 2.0
26.0, 1.0, 2.0, 4.0, 2.0, 2.0, 2.0, 2.0
28.0, 1.0, 3.0, 4.0, 2.0, 2.0, 2.0, 2.0
24.0, 1.0, 4.0, 4.0, 2.0, 1.0, 2.0, 2.0
35.0, 1.0, 2.0, 4.0, 2.0, 2.0, 2.0, 2.0
17.0, 1.0, 3.0, 4.0, 2.0, 1.0, 2.0, 1.0
21.0, 1.0, 3.0, 4.0, 2.0, 2.0, 1.0, 2.0
27.0, 1.0, 4.0, 4.0, 2.0, 2.0, 2.0, 2.0
25.0, 1.0, 3.0, 4.0, 2.0, 2.0, 2.0, 2.0
21.0, 2.0, 4.0, 4.0, 2.0, 2.0, 2.0, 2.0
31.0, 1.0, 2.0, 4.0, 2.0, 2.0, 2.0, 2.0
52.0, 1.0, 3.0, 4.0, 2.0, 1.0, 2.0, 2.0
53.0, 1.0, 4.0, 4.0, 2.0, 1.0, 2.0, 2.0
52.0, 1.0, 3.0, 4.0, 2.0, 1.0, 1.0, 2.0
13.0, 1.0, 2.0, 4.0, 2.0, 1.0, 2.0, 2.0
22.0, 1.0, 1.0, 4.0, 2.0, 2.0, 2.0, 2.0
31.0, 1.0, 3.0, 4.0, 2.0, 1.0, 2.0, 2.0
11.0, 1.0, 2.0, 4.0, 2.0, 2.0, 2.0, 2.0
27.0, 1.0, 4.0, 4.0, 2.0, 1.0, 2.0, 2.0
17.0, 1.0, 3.0, 4.0, 2.0, 1.0, 2.0, 2.0
21.0, 1.0, 2.0, 4.0, 2.0, 1.0, 2.0, 2.0
35.0, 1.0, 3.0, 4.0, 2.0, 1.0, 2.0, 2.0
51.0, 1.0, 2.0, 4.0, 2.0, 2.0, 2.0, 2.0
35.0, 1.0, 5.0, 4.0, 2.0, 2.0, 2.0, 2.0
14.0, 1.0, 2.0, 4.0, 2.0, 2.0, 2.0, 2.0
15.0, 1.0, 2.0, 4.0, 2.0, 2.0, 2.0, 2.0
33.0, 3.0, 4.0, 4.0, 2.0, 2.0, 2.0, 1.0
23.0, 1.0, 4.0, 4.0, 2.0, 1.0, 2.0, 2.0
25.0, 1.0, 1.0, 4.0, 2.0, 2.0, 2.0, 2.0
12.0, 3.0, 3.0, 4.0, 2.0, 2.0, 2.0, 2.0
42.0, 1.0, 5.0, 4.0, 2.0, 1.0, 1.0, 1.0
26.0, 2.0, 2.0, 4.0, 2.0, 2.0, 2.0, 2.0
13.0, 1.0, 4.0, 4.0, 1.0, 1.0, 2.0, 2.0
51.0, 1.0, 4.0, 4.0, 2.0, 2.0, 2.0, 2.0
26.0, 1.0, 2.0, 4.0, 2.0, 1.0, 2.0, 2.0
15.0, 1.0, 3.0, 4.0, 2.0, 1.0, 2.0, 2.0
28.0, 1.0, 3.0, 4.0, 2.0, 2.0, 2.0, 2.0
43.0, 2.0, 1.0, 4.0, 2.0, 2.0, 2.0, 2.0
31.0, 1.0, 3.0, 4.0, 2.0, 1.0, 2.0, 1.0
35.0, 1.0, 3.0, 4.0, 2.0, 2.0, 2.0, 1.0
41.0, 1.0, 2.0, 4.0, 2.0, 2.0, 2.0, 2.0
21.0, 3.0, 2.0, 4.0, 2.0, 1.0, 2.0, 2.0
28.0, 1.0, 3.0, 4.0, 2.0, 2.0, 2.0, 2.0
13.0, 2.0, 2.0, 4.0, 2.0, 2.0, 2.0, 2.0
31.0, 1.0, 2.0, 4.0, 2.0, 1.0, 2.0, 2.0
41.0, 1.0, 3.0, 4.0, 2.0, 1.0, 2.0, 2.0
29.0, 1.0, 2.0, 4.0, 2.0, 2.0, 2.0, 2.0
33.0, 1.0, 4.0, 4.0, 2.0, 1.0, 1.0, 2.0
15.0, 3.0, 2.0, 4.0, 2.0, 2.0, 2.0, 2.0
42.0, 4.0, 1.0, 4.0, 2.0, 2.0, 2.0, 2.0
41.0, 1.0, 3.0, 4.0, 1.0, 2.0, 2.0, 2.0
33.0, 2.0, 3.0, 4.0, 2.0, 2.0, 2.0, 2.0
51.0, 1.0, 3.0, 4.0, 2.0, 1.0, 1.0, 2.0
22.0, 1.0, 3.0, 4.0, 2.0, 1.0, 2.0, 2.0
28.0, 1.0, 4.0, 4.0, 2.0, 1.0, 2.0, 1.0
41.0, 1.0, 3.0, 4.0, 2.0, 1.0, 2.0, 2.0
21.0, 1.0, 2.0, 4.0, 2.0, 2.0, 2.0, 2.0
27.0, 1.0, 3.0, 4.0, 2.0, 1.0, 2.0, 2.0
31.0, 4.0, 2.0, 4.0, 2.0, 2.0, 2.0, 2.0
17.0, 1.0, 2.0, 4.0, 2.0, 2.0, 1.0, 2.0
23.0, 1.0, 3.0, 4.0, 2.0, 1.0, 1.0, 2.0
29.0, 1.0, 2.0, 4.0, 2.0, 2.0, 2.0, 2.0
27.0, 1.0, 2.0, 4.0, 2.0, 2.0, 2.0, 2.0
31.0, 1.0, 3.0, 4.0, 2.0, 2.0, 2.0, 2.0
25.0, 1.0, 2.0, 4.0, 2.0, 2.0, 2.0, 2.0
41.0, 1.0, 3.0, 4.0, 2.0, 1.0, 2.0, 1.0
21.0, 2.0, 2.0, 4.0, 2.0, 1.0, 2.0, 2.0
25.0, 1.0, 3.0, 4.0, 2.0, 1.0, 2.0, 2.0
23.0, 1.0, 1.0, 4.0, 2.0, 2.0, 2.0, 2.0
26.0, 2.0, 3.0, 4.0, 2.0, 1.0, 2.0, 2.0
13.0, 1.0, 3.0, 4.0, 2.0, 1.0, 2.0, 2.0
15.0, 1.0, 3.0, 4.0, 2.0, 2.0, 2.0, 2.0
21.0, 1.0, 2.0, 4.0, 2.0, 2.0, 2.0, 2.0
23.0, 1.0, 3.0, 4.0, 2.0, 2.0, 2.0, 2.0
41.0, 1.0, 5.0, 4.0, 2.0, 1.0, 1.0, 1.0
43.0, 1.0, 3.0, 4.0, 2.0, 1.0, 2.0, 1.0
52.0, 1.0, 2.0, 4.0, 2.0, 2.0, 2.0, 2.0
43.0, 1.0, 3.0, 4.0, 2.0, 1.0, 1.0, 2.0
41.0, 1.0, 3.0, 4.0, 2.0, 1.0, 2.0, 1.0
12.0, 1.0, 3.0, 4.0, 2.0, 2.0, 2.0, 2.0
53.0, 1.0, 3.0, 4.0, 2.0, 1.0, 2.0, 1.0
15.0, 1.0, 1.0, 4.0, 2.0, 1.0, 2.0, 1.0
26.0, 1.0, 3.0, 4.0, 2.0, 1.0, 2.0, 2.0
53.0, 1.0, 3.0, 4.0, 2.0, 1.0, 2.0, 2.0
23.0, 1.0, 2.0, 4.0, 2.0, 2.0, 2.0, 2.0
21.0, 1.0, 4.0, 4.0, 2.0, 2.0, 2.0, 2.0
32.0, 2.0, 2.0, 4.0, 2.0, 2.0, 2.0, 2.0
33.0, 6.0, 5.0, 4.0, 2.0, 1.0, 2.0, 1.0
50.0, 1.0, 2.0, 4.0, 2.0, 2.0, 2.0, 2.0
52.0, 1.0, 2.0, 4.0, 2.0, 1.0, 2.0, 2.0
31.0, 1.0, 2.0, 4.0, 2.0, 1.0, 1.0, 1.0
32.0, 1.0, 4.0, 4.0, 2.0, 1.0, 1.0, 1.0
26.0, 2.0, 5.0, 4.0, 2.0, 1.0, 2.0, 2.0
26.0, 1.0, 2.0, 4.0, 2.0, 1.0, 2.0, 2.0
26.0, 1.0, 2.0, 4.0, 2.0, 1.0, 2.0, 2.0
15.0, 3.0, 3.0, 4.0, 2.0, 1.0, 2.0, 2.0
25.0, 1.0, 3.0, 4.0, 2.0, 1.0, 2.0, 2.0
31.0, 1.0, 2.0, 4.0, 2.0, 2.0, 2.0, 2.0
35.0, 1.0, 4.0, 4.0, 2.0, 1.0, 2.0, 2.0
29.0, 1.0, 4.0, 4.0, 2.0, 2.0, 2.0, 2.0
15.0, 3.0, 4.0, 4.0, 2.0, 1.0, 1.0, 2.0
41.0, 4.0, 3.0, 4.0, 2.0, 1.0, 2.0, 2.0
42.0, 3.0, 3.0, 4.0, 2.0, 1.0, 2.0, 2.0
15.0, 2.0, 2.0, 4.0, 2.0, 2.0, 2.0, 2.0
43.0, 2.0, 3.0, 4.0, 2.0, 1.0, 2.0, 1.0
12.0, 4.0, 4.0, 4.0, 2.0, 1.0, 1.0, 1.0
13.0, 3.0, 2.0, 4.0, 2.0, 1.0, 2.0, 2.0
31.0, 1.0, 3.0, 4.0, 2.0, 1.0, 2.0, 2.0
24.0, 1.0, 1.0, 4.0, 2.0, 2.0, 2.0, 2.0
41.0, 1.0, 3.0, 4.0, 2.0, 1.0, 2.0, 2.0
12.0, 4.0, 3.0, 4.0, 2.0, 1.0, 2.0, 2.0
35.0, 1.0, 5.0, 4.0, 2.0, 1.0, 1.0, 2.0
51.0, 1.0, 3.0, 4.0, 2.0, 1.0, 2.0, 2.0
41.0, 1.0, 2.0, 4.0, 2.0, 2.0, 2.0, 2.0
43.0, 1.0, 3.0, 4.0, 2.0, 1.0, 1.0, 2.0
14.0, 2.0, 3.0, 4.0, 2.0, 1.0, 2.0, 2.0
28.0, 1.0, 2.0, 4.0, 2.0, 2.0, 2.0, 2.0
35.0, 1.0, 4.0, 4.0, 2.0, 2.0, 2.0, 2.0
26.0, 1.0, 2.0, 4.0, 2.0, 1.0, 2.0, 2.0
33.0, 1.0, 2.0, 4.0, 2.0, 1.0, 2.0, 2.0
11.0, 3.0, 3.0, 4.0, 2.0, 1.0, 2.0, 2.0
33.0, 1.0, 4.0, 4.0, 2.0, 1.0, 2.0, 2.0
12.0, 1.0, 3.0, 4.0, 1.0, 2.0, 2.0, 2.0
28.0, 1.0, 3.0, 4.0, 2.0, 2.0, 2.0, 2.0
29.0, 1.0, 1.0, 4.0, 2.0, 2.0, 2.0, 2.0
24.0, 1.0, 3.0, 4.0, 2.0, 1.0, 2.0, 2.0
32.0, 1.0, 3.0, 4.0, 2.0, 2.0, 2.0, 2.0
35.0, 1.0, 2.0, 3.0, 2.0, 2.0, 2.0, 2.0
52.0, 1.0, 2.0, 4.0, 2.0, 2.0, 2.0, 2.0
26.0, 1.0, 1.0, 4.0, 2.0, 2.0, 2.0, 2.0
35.0, 1.0, 3.0, 4.0, 2.0, 2.0, 2.0, 2.0
52.0, 1.0, 3.0, 4.0, 2.0, 2.0, 1.0, 2.0
42.0, 1.0, 2.0, 4.0, 2.0, 1.0, 1.0, 2.0
33.0, 1.0, 1.0, 4.0, 2.0, 1.0, 2.0, 2.0
21.0, 1.0, 3.0, 4.0, 2.0, 1.0, 2.0, 2.0
41.0, 1.0, 4.0, 4.0, 2.0, 1.0, 2.0, 2.0
15.0, 1.0, 3.0, 4.0, 2.0, 2.0, 2.0, 2.0
31.0, 2.0, 3.0, 4.0, 2.0, 1.0, 2.0, 1.0
52.0, 1.0, 2.0, 4.0, 2.0, 1.0, 1.0, 2.0
24.0, 1.0, 3.0, 4.0, 2.0, 1.0, 2.0, 2.0
35.0, 1.0, 2.0, 4.0, 2.0, 2.0, 2.0, 2.0
35.0, 1.0, 1.0, 4.0, 2.0, 1.0, 2.0, 2.0
43.0, 1.0, 3.0, 4.0, 2.0, 2.0, 1.0, 1.0
52.0, 1.0, 4.0, 4.0, 2.0, 2.0, 2.0, 1.0
35.0, 1.0, 2.0, 4.0, 2.0, 1.0, 1.0, 2.0
33.0, 1.0, 3.0, 4.0, 2.0, 1.0, 2.0, 2.0
41.0, 1.0, 2.0, 4.0, 2.0, 2.0, 2.0, 2.0
23.0, 1.0, 2.0, 4.0, 2.0, 2.0, 2.0, 1.0
21.0, 1.0, 2.0, 4.0, 2.0, 2.0, 2.0, 2.0
13.0, 1.0, 2.0, 4.0, 2.0, 2.0, 2.0, 2.0
32.0, 1.0, 3.0, 4.0, 2.0, 1.0, 2.0, 2.0
43.0, 1.0, 2.0, 4.0, 2.0, 2.0, 2.0, 2.0
31.0, 1.0, 2.0, 4.0, 2.0, 2.0, 2.0, 2.0
43.0, 1.0, 2.0, 4.0, 2.0, 2.0, 2.0, 2.0
42.0, 1.0, 4.0, 4.0, 2.0, 1.0, 1.0, 1.0
52.0, 1.0, 1.0, 4.0, 2.0, 2.0, 2.0, 2.0
35.0, 1.0, 2.0, 4.0, 2.0, 2.0, 2.0, 2.0
53.0, 1.0, 1.0, 3.0, 2.0, 1.0, 2.0, 2.0
13.0, 1.0, 5.0, 4.0, 2.0, 2.0, 2.0, 1.0
12.0, 1.0, 3.0, 4.0, 2.0, 2.0, 2.0, 2.0
14.0, 2.0, 3.0, 4.0, 2.0, 1.0, 2.0, 2.0
53.0, 1.0, 2.0, 4.0, 2.0, 2.0, 2.0, 2.0
23.0, 1.0, 3.0, 4.0, 2.0, 2.0, 2.0, 2.0
25.0, 1.0, 2.0, 4.0, 2.0, 1.0, 2.0, 2.0
25.0, 1.0, 2.0, 4.0, 2.0, 2.0, 2.0, 2.0
32.0, 1.0, 3.0, 4.0, 2.0, 2.0, 2.0, 2.0
33.0, 1.0, 1.0, 4.0, 2.0, 1.0, 2.0, 2.0
27.0, 1.0, 3.0, 4.0, 2.0, 1.0, 2.0, 2.0
33.0, 1.0, 2.0, 4.0, 2.0, 2.0, 2.0, 2.0
23.0, 1.0, 3.0, 4.0, 2.0, 1.0, 2.0, 1.0
22.0, 1.0, 2.0, 4.0, 2.0, 2.0, 2.0, 2.0
22.0, 3.0, 3.0, 4.0, 2.0, 1.0, 2.0, 2.0
35.0, 1.0, 3.0, 4.0, 2.0, 1.0, 1.0, 1.0
31.0, 1.0, 2.0, 4.0, 2.0, 1.0, 1.0, 2.0
32.0, 1.0, 3.0, 4.0, 2.0, 1.0, 2.0, 2.0
16.0, 6.0, 2.0, 4.0, 2.0, 2.0, 2.0, 2.0
52.0, 1.0, 4.0, 4.0, 2.0, 1.0, 2.0, 2.0
17.0, 3.0, 2.0, 4.0, 2.0, 1.0, 2.0, 2.0
13.0, 1.0, 3.0, 4.0, 2.0, 2.0, 2.0, 2.0
43.0, 1.0, 2.0, 4.0, 2.0, 2.0, 2.0, 2.0
43.0, 3.0, 3.0, 4.0, 2.0, 1.0, 1.0, 2.0
14.0, 1.0, 5.0, 4.0, 2.0, 1.0, 2.0, 2.0
52.0, 1.0, 2.0, 4.0, 2.0, 2.0, 2.0, 2.0
21.0, 2.0, 2.0, 4.0, 2.0, 1.0, 2.0, 2.0
31.0, 1.0, 4.0, 4.0, 2.0, 1.0, 2.0, 2.0
22.0, 1.0, 3.0, 4.0, 2.0, 1.0, 2.0, 2.0
35.0, 1.0, 2.0, 4.0, 2.0, 2.0, 2.0, 2.0
29.0, 1.0, 2.0, 4.0, 2.0, 2.0, 2.0, 2.0
25.0, 1.0, 3.0, 4.0, 2.0, 1.0, 2.0, 2.0
26.0, 3.0, 2.0, 4.0, 2.0, 1.0, 2.0, 2.0
35.0, 1.0, 3.0, 4.0, 2.0, 1.0, 2.0, 2.0
35.0, 1.0, 3.0, 4.0, 2.0, 2.0, 1.0, 2.0
21.0, 1.0, 1.0, 4.0, 2.0, 2.0, 2.0, 2.0
41.0, 1.0, 2.0, 4.0, 2.0, 1.0, 1.0, 2.0
41.0, 1.0, 2.0, 4.0, 2.0, 1.0, 2.0, 2.0
15.0, 1.0, 3.0, 4.0, 2.0, 2.0, 1.0, 2.0
33.0, 1.0, 2.0, 4.0, 2.0, 2.0, 2.0, 2.0
21.0, 6.0, 2.0, 4.0, 2.0, 1.0, 2.0, 2.0
50.0, 1.0, 4.0, 4.0, 2.0, 1.0, 2.0, 2.0
52.0, 1.0, 2.0, 4.0, 2.0, 1.0, 2.0, 2.0
43.0, 3.0, 2.0, 4.0, 2.0, 2.0, 2.0, 2.0
11.0, 2.0, 2.0, 4.0, 2.0, 1.0, 1.0, 2.0
53.0, 1.0, 3.0, 4.0, 2.0, 2.0, 1.0, 1.0
22.0, 1.0, 3.0, 4.0, 2.0, 2.0, 2.0, 2.0
13.0, 1.0, 2.0, 4.0, 2.0, 2.0, 2.0, 2.0
42.0, 1.0, 3.0, 4.0, 2.0, 1.0, 1.0, 1.0
42.0, 1.0, 2.0, 4.0, 2.0, 1.0, 2.0, 2.0
22.0, 1.0, 3.0, 4.0, 2.0, 2.0, 2.0, 2.0
35.0, 1.0, 2.0, 4.0, 2.0, 1.0, 2.0, 2.0
31.0, 3.0, 1.0, 4.0, 2.0, 1.0, 2.0, 2.0
11.0, 3.0, 2.0, 4.0, 2.0, 2.0, 2.0, 2.0
32.0, 1.0, 3.0, 4.0, 2.0, 1.0, 2.0, 2.0
50.0, 2.0, 2.0, 4.0, 2.0, 1.0, 2.0, 2.0
25.0, 1.0, 3.0, 4.0, 2.0, 2.0, 2.0, 2.0
17.0, 5.0, 3.0, 4.0, 2.0, 1.0, 2.0, 2.0
31.0, 1.0, 3.0, 4.0, 2.0, 1.0, 1.0, 2.0
32.0, 1.0, 3.0, 4.0, 2.0, 1.0, 2.0, 2.0
32.0, 1.0, 2.0, 4.0, 2.0, 2.0, 2.0, 2.0
22.0, 1.0, 4.0, 4.0, 2.0, 1.0, 2.0, 2.0
24.0, 2.0, 3.0, 4.0, 2.0, 2.0, 2.0, 2.0
21.0, 2.0, 3.0, 4.0, 2.0, 2.0, 2.0, 2.0
51.0, 1.0, 2.0, 4.0, 2.0, 2.0, 1.0, 2.0
32.0, 1.0, 3.0, 4.0, 2.0, 1.0, 2.0, 2.0
23.0, 1.0, 1.0, 4.0, 2.0, 1.0, 2.0, 1.0
35.0, 1.0, 2.0, 4.0, 2.0, 1.0, 2.0, 2.0
35.0, 1.0, 1.0, 4.0, 2.0, 2.0, 2.0, 2.0
52.0, 2.0, 5.0, 4.0, 2.0, 1.0, 2.0, 1.0
29.0, 1.0, 2.0, 4.0, 2.0, 2.0, 2.0, 2.0
23.0, 1.0, 4.0, 4.0, 2.0, 2.0, 2.0, 2.0
16.0, 2.0, 1.0, 4.0, 2.0, 2.0, 2.0, 2.0
32.0, 1.0, 3.0, 4.0, 2.0, 2.0, 2.0, 1.0
50.0, 1.0, 2.0, 4.0, 2.0, 1.0, 2.0, 2.0
33.0, 2.0, 2.0, 4.0, 2.0, 2.0, 2.0, 2.0
31.0, 1.0, 2.0, 4.0, 2.0, 2.0, 2.0, 2.0
17.0, 1.0, 3.0, 4.0, 2.0, 1.0, 2.0, 2.0
16.0, 3.0, 1.0, 4.0, 2.0, 1.0, 2.0, 2.0
42.0, 1.0, 4.0, 4.0, 2.0, 1.0, 2.0, 1.0
31.0, 1.0, 4.0, 4.0, 2.0, 1.0, 1.0, 2.0
29.0, 1.0, 2.0, 4.0, 2.0, 2.0, 2.0, 2.0
27.0, 1.0, 2.0, 4.0, 2.0, 2.0, 2.0, 2.0
50.0, 1.0, 2.0, 4.0, 2.0, 2.0, 2.0, 2.0
14.0, 2.0, 3.0, 4.0, 2.0, 1.0, 1.0, 2.0
23.0, 1.0, 1.0, 4.0, 2.0, 1.0, 2.0, 2.0
29.0, 3.0, 3.0, 4.0, 2.0, 2.0, 2.0, 2.0
23.0, 1.0, 2.0, 4.0, 2.0, 2.0, 2.0, 2.0
43.0, 1.0, 3.0, 4.0, 2.0, 2.0, 2.0, 2.0
23.0, 1.0, 3.0, 4.0, 2.0, 1.0, 2.0, 2.0
31.0, 1.0, 2.0, 4.0, 2.0, 1.0, 2.0, 2.0
24.0, 1.0, 3.0, 4.0, 2.0, 1.0, 1.0, 2.0
33.0, 1.0, 3.0, 4.0, 2.0, 2.0, 2.0, 2.0
15.0, 1.0, 2.0, 4.0, 2.0, 2.0, 2.0, 2.0
35.0, 1.0, 3.0, 3.0, 2.0, 1.0, 2.0, 2.0
16.0, 2.0, 4.0, 4.0, 2.0, 1.0, 2.0, 2.0
26.0, 1.0, 3.0, 4.0, 2.0, 1.0, 1.0, 1.0
43.0, 1.0, 2.0, 4.0, 2.0, 1.0, 2.0, 2.0
53.0, 4.0, 2.0, 4.0, 2.0, 2.0, 2.0, 2.0
52.0, 1.0, 4.0, 4.0, 2.0, 1.0, 1.0, 2.0
27.0, 1.0, 2.0, 4.0, 2.0, 2.0, 2.0, 2.0
16.0, 2.0, 3.0, 4.0, 2.0, 1.0, 2.0, 2.0
42.0, 1.0, 3.0, 4.0, 2.0, 1.0, 2.0, 2.0
32.0, 3.0, 1.0, 4.0, 2.0, 2.0, 2.0, 2.0
32.0, 1.0, 2.0, 4.0, 2.0, 2.0, 2.0, 2.0
33.0, 1.0, 2.0, 4.0, 2.0, 1.0, 2.0, 2.0
52.0, 1.0, 2.0, 4.0, 2.0, 1.0, 2.0, 2.0
15.0, 1.0, 2.0, 4.0, 2.0, 2.0, 2.0, 2.0
41.0, 1.0, 3.0, 4.0, 2.0, 2.0, 2.0, 2.0
27.0, 1.0, 4.0, 4.0, 2.0, 1.0, 2.0, 2.0
35.0, 1.0, 4.0, 4.0, 2.0, 1.0, 2.0, 2.0
31.0, 1.0, 2.0, 4.0, 2.0, 2.0, 2.0, 1.0
43.0, 2.0, 2.0, 4.0, 2.0, 2.0, 2.0, 2.0
52.0, 1.0, 1.0, 4.0, 2.0, 1.0, 2.0, 2.0
23.0, 1.0, 3.0, 4.0, 2.0, 2.0, 1.0, 1.0
51.0, 1.0, 3.0, 4.0, 2.0, 2.0, 2.0, 2.0
35.0, 2.0, 2.0, 4.0, 2.0, 1.0, 1.0, 2.0
14.0, 1.0, 3.0, 4.0, 2.0, 1.0, 2.0, 2.0
22.0, 1.0, 2.0, 4.0, 2.0, 2.0, 2.0, 2.0
22.0, 1.0, 2.0, 4.0, 2.0, 1.0, 2.0, 2.0
25.0, 1.0, 3.0, 4.0, 2.0, 2.0, 1.0, 2.0
25.0, 5.0, 2.0, 4.0, 2.0, 2.0, 2.0, 2.0
27.0, 2.0, 2.0, 4.0, 2.0, 2.0, 2.0, 2.0
31.0, 1.0, 3.0, 4.0, 2.0, 2.0, 2.0, 2.0
11.0, 2.0, 2.0, 4.0, 2.0, 2.0, 2.0, 2.0
23.0, 6.0, 3.0, 4.0, 2.0, 2.0, 2.0, 2.0
14.0, 1.0, 1.0, 4.0, 2.0, 2.0, 2.0, 2.0
24.0, 1.0, 3.0, 4.0, 2.0, 1.0, 2.0, 2.0
23.0, 1.0, 2.0, 4.0, 2.0, 2.0, 2.0, 2.0
29.0, 1.0, 3.0, 4.0, 2.0, 1.0, 2.0, 2.0
14.0, 1.0, 3.0, 4.0, 2.0, 2.0, 2.0, 2.0
42.0, 1.0, 2.0, 4.0, 2.0, 2.0, 2.0, 2.0
41.0, 1.0, 2.0, 4.0, 2.0, 2.0, 2.0, 2.0
14.0, 1.0, 3.0, 4.0, 2.0, 2.0, 2.0, 1.0
17.0, 1.0, 3.0, 4.0, 2.0, 1.0, 2.0, 1.0
52.0, 1.0, 3.0, 4.0, 2.0, 2.0, 2.0, 1.0
14.0, 1.0, 4.0, 4.0, 2.0, 1.0, 1.0, 1.0
22.0, 1.0, 2.0, 4.0, 2.0, 1.0, 2.0, 2.0
31.0, 1.0, 2.0, 4.0, 2.0, 1.0, 2.0, 2.0
41.0, 1.0, 1.0, 4.0, 2.0, 2.0, 2.0, 2.0
50.0, 1.0, 2.0, 4.0, 1.0, 2.0, 2.0, 2.0
42.0, 2.0, 2.0, 4.0, 2.0, 2.0, 2.0, 2.0
21.0, 1.0, 4.0, 4.0, 2.0, 1.0, 1.0, 1.0
43.0, 1.0, 4.0, 4.0, 2.0, 1.0, 2.0, 1.0
16.0, 1.0, 2.0, 4.0, 2.0, 2.0, 2.0, 2.0
24.0, 1.0, 3.0, 4.0, 2.0, 1.0, 2.0, 2.0
41.0, 1.0, 3.0, 4.0, 2.0, 1.0, 2.0, 2.0
35.0, 1.0, 3.0, 4.0, 2.0, 1.0, 2.0, 2.0
31.0, 1.0, 1.0, 4.0, 2.0, 2.0, 2.0, 2.0
31.0, 1.0, 2.0, 4.0, 2.0, 1.0, 1.0, 1.0
29.0, 1.0, 1.0, 4.0, 2.0, 2.0, 2.0, 2.0
41.0, 1.0, 2.0, 4.0, 2.0, 1.0, 2.0, 2.0
22.0, 1.0, 4.0, 4.0, 2.0, 1.0, 2.0, 1.0
42.0, 2.0, 2.0, 4.0, 2.0, 2.0, 2.0, 2.0
13.0, 1.0, 2.0, 4.0, 2.0, 2.0, 2.0, 2.0
42.0, 1.0, 3.0, 4.0, 2.0, 1.0, 2.0, 2.0
42.0, 2.0, 2.0, 4.0, 2.0, 1.0, 2.0, 2.0
26.0, 1.0, 4.0, 4.0, 2.0, 1.0, 1.0, 1.0
16.0, 3.0, 3.0, 4.0, 2.0, 2.0, 2.0, 2.0
26.0, 2.0, 4.0, 4.0, 2.0, 2.0, 2.0, 2.0
16.0, 2.0, 2.0, 4.0, 2.0, 2.0, 2.0, 2.0
41.0, 1.0, 3.0, 4.0, 2.0, 1.0, 2.0, 2.0
13.0, 6.0, 3.0, 4.0, 2.0, 1.0, 2.0, 2.0
50.0, 1.0, 3.0, 4.0, 2.0, 2.0, 2.0, 2.0
27.0, 3.0, 3.0, 4.0, 2.0, 2.0, 2.0, 2.0
41.0, 2.0, 3.0, 4.0, 2.0, 1.0, 2.0, 2.0
26.0, 1.0, 2.0, 4.0, 2.0, 2.0, 2.0, 2.0
21.0, 1.0, 3.0, 4.0, 2.0, 1.0, 2.0, 2.0
43.0, 1.0, 3.0, 4.0, 2.0, 2.0, 2.0, 2.0
35.0, 1.0, 4.0, 4.0, 2.0, 1.0, 2.0, 2.0
52.0, 3.0, 3.0, 4.0, 2.0, 1.0, 2.0, 2.0
50.0, 1.0, 2.0, 4.0, 2.0, 2.0, 2.0, 2.0
26.0, 2.0, 2.0, 4.0, 2.0, 2.0, 2.0, 2.0
35.0, 1.0, 1.0, 4.0, 2.0, 1.0, 2.0, 2.0
50.0, 1.0, 2.0, 4.0, 2.0, 1.0, 2.0, 2.0
50.0, 2.0, 3.0, 4.0, 2.0, 1.0, 2.0, 1.0
24.0, 5.0, 4.0, 4.0, 2.0, 1.0, 2.0, 2.0
52.0, 1.0, 2.0, 4.0, 2.0, 1.0, 2.0, 2.0
52.0, 1.0, 3.0, 4.0, 2.0, 2.0, 2.0, 2.0
50.0, 2.0, 2.0, 4.0, 2.0, 2.0, 2.0, 2.0
22.0, 1.0, 3.0, 4.0, 2.0, 1.0, 2.0, 2.0
31.0, 1.0, 3.0, 4.0, 2.0, 1.0, 2.0, 2.0
15.0, 1.0, 2.0, 4.0, 2.0, 2.0, 2.0, 2.0
14.0, 1.0, 4.0, 4.0, 2.0, 1.0, 2.0, 2.0
53.0, 1.0, 1.0, 4.0, 2.0, 1.0, 2.0, 2.0
41.0, 1.0, 1.0, 4.0, 2.0, 1.0, 2.0, 2.0
15.0, 6.0, 3.0, 4.0, 2.0, 2.0, 2.0, 2.0
28.0, 5.0, 3.0, 4.0, 2.0, 1.0, 2.0, 2.0
26.0, 1.0, 2.0, 4.0, 2.0, 2.0, 2.0, 2.0
42.0, 4.0, 3.0, 4.0, 2.0, 2.0, 2.0, 2.0
12.0, 2.0, 2.0, 4.0, 2.0, 2.0, 2.0, 2.0
31.0, 1.0, 2.0, 4.0, 2.0, 1.0, 1.0, 2.0
15.0, 1.0, 2.0, 4.0, 2.0, 2.0, 2.0, 2.0
16.0, 1.0, 5.0, 4.0, 2.0, 1.0, 2.0, 2.0
15.0, 1.0, 2.0, 4.0, 2.0, 2.0, 2.0, 2.0
42.0, 1.0, 2.0, 4.0, 2.0, 2.0, 2.0, 2.0
26.0, 3.0, 2.0, 4.0, 2.0, 2.0, 2.0, 2.0
42.0, 1.0, 3.0, 4.0, 2.0, 1.0, 2.0, 1.0
41.0, 1.0, 3.0, 4.0, 2.0, 2.0, 1.0, 2.0
15.0, 1.0, 2.0, 4.0, 2.0, 2.0, 2.0, 2.0
27.0, 3.0, 2.0, 4.0, 2.0, 1.0, 2.0, 2.0
43.0, 1.0, 2.0, 4.0, 2.0, 1.0, 2.0, 2.0
28.0, 1.0, 3.0, 4.0, 2.0, 2.0, 2.0, 2.0
12.0, 1.0, 2.0, 4.0, 2.0, 2.0, 2.0, 2.0
21.0, 2.0, 2.0, 4.0, 2.0, 2.0, 2.0, 2.0
31.0, 1.0, 3.0, 2.0, 2.0, 1.0, 2.0, 2.0
53.0, 1.0, 2.0, 4.0, 2.0, 2.0, 2.0, 2.0
15.0, 1.0, 2.0, 4.0, 2.0, 2.0, 2.0, 2.0
15.0, 2.0, 2.0, 4.0, 2.0, 1.0, 1.0, 2.0
28.0, 1.0, 4.0, 4.0, 2.0, 2.0, 2.0, 2.0
52.0, 1.0, 4.0, 4.0, 2.0, 1.0, 1.0, 2.0
51.0, 1.0, 4.0, 4.0, 2.0, 1.0, 2.0, 2.0
42.0, 2.0, 4.0, 4.0, 2.0, 2.0, 2.0, 2.0
42.0, 1.0, 2.0, 4.0, 2.0, 1.0, 1.0, 2.0
13.0, 1.0, 2.0, 4.0, 2.0, 2.0, 2.0, 2.0
11.0, 3.0, 2.0, 4.0, 2.0, 1.0, 2.0, 2.0
15.0, 1.0, 3.0, 4.0, 2.0, 1.0, 2.0, 2.0
32.0, 1.0, 3.0, 4.0, 2.0, 2.0, 1.0, 2.0
23.0, 1.0, 2.0, 4.0, 2.0, 1.0, 2.0, 2.0
43.0, 1.0, 3.0, 4.0, 2.0, 1.0, 1.0, 2.0
24.0, 1.0, 3.0, 4.0, 2.0, 2.0, 2.0, 2.0
27.0, 1.0, 3.0, 4.0, 2.0, 2.0, 2.0, 2.0
26.0, 3.0, 3.0, 4.0, 2.0, 1.0, 2.0, 2.0
13.0, 6.0, 3.0, 4.0, 2.0, 2.0, 2.0, 2.0
43.0, 1.0, 3.0, 4.0, 2.0, 2.0, 2.0, 2.0
27.0, 1.0, 3.0, 4.0, 2.0, 2.0, 2.0, 2.0
31.0, 1.0, 3.0, 4.0, 2.0, 1.0, 2.0, 2.0
35.0, 1.0, 3.0, 4.0, 2.0, 2.0, 2.0, 2.0
23.0, 1.0, 4.0, 4.0, 2.0, 1.0, 1.0, 1.0
24.0, 1.0, 3.0, 4.0, 2.0, 1.0, 2.0, 2.0
29.0, 1.0, 5.0, 4.0, 2.0, 1.0, 1.0, 2.0
35.0, 1.0, 2.0, 4.0, 2.0, 2.0, 2.0, 2.0
22.0, 1.0, 2.0, 4.0, 2.0, 2.0, 2.0, 2.0
52.0, 1.0, 4.0, 4.0, 2.0, 1.0, 2.0, 2.0
22.0, 1.0, 3.0, 4.0, 2.0, 1.0, 2.0, 2.0
22.0, 1.0, 3.0, 4.0, 2.0, 1.0, 2.0, 2.0
32.0, 3.0, 2.0, 4.0, 1.0, 1.0, 2.0, 2.0
51.0, 1.0, 2.0, 4.0, 2.0, 2.0, 2.0, 2.0
31.0, 1.0, 3.0, 4.0, 2.0, 1.0, 2.0, 2.0
32.0, 3.0, 2.0, 4.0, 2.0, 2.0, 2.0, 2.0
21.0, 1.0, 1.0, 4.0, 2.0, 2.0, 2.0, 2.0
42.0, 2.0, 3.0, 4.0, 2.0, 1.0, 2.0, 1.0
32.0, 1.0, 1.0, 4.0, 2.0, 2.0, 2.0, 2.0
26.0, 6.0, 4.0, 4.0, 2.0, 2.0, 1.0, 2.0
42.0, 1.0, 2.0, 4.0, 2.0, 2.0, 2.0, 2.0
22.0, 1.0, 1.0, 4.0, 2.0, 2.0, 2.0, 2.0
27.0, 1.0, 1.0, 4.0, 2.0, 2.0, 1.0, 2.0
41.0, 1.0, 4.0, 4.0, 2.0, 1.0, 2.0, 2.0
32.0, 1.0, 1.0, 4.0, 2.0, 2.0, 2.0, 2.0
41.0, 1.0, 1.0, 4.0, 2.0, 1.0, 2.0, 2.0
24.0, 1.0, 3.0, 4.0, 2.0, 2.0, 2.0, 2.0
52.0, 1.0, 4.0, 4.0, 2.0, 1.0, 2.0, 1.0
11.0, 3.0, 3.0, 4.0, 2.0, 1.0, 2.0, 2.0
41.0, 1.0, 2.0, 2.0, 2.0, 2.0, 2.0, 2.0
13.0, 1.0, 2.0, 4.0, 2.0, 2.0, 2.0, 2.0
27.0, 1.0, 2.0, 4.0, 2.0, 1.0, 2.0, 2.0
25.0, 3.0, 3.0, 4.0, 2.0, 1.0, 1.0, 2.0
41.0, 1.0, 2.0, 4.0, 2.0, 1.0, 2.0, 1.0
23.0, 1.0, 2.0, 4.0, 2.0, 1.0, 1.0, 1.0
35.0, 1.0, 3.0, 4.0, 2.0, 2.0, 2.0, 1.0
41.0, 2.0, 1.0, 4.0, 2.0, 1.0, 2.0, 2.0
33.0, 2.0, 3.0, 4.0, 2.0, 2.0, 2.0, 2.0
41.0, 1.0, 2.0, 4.0, 2.0, 2.0, 2.0, 2.0
42.0, 1.0, 3.0, 4.0, 1.0, 2.0, 2.0, 2.0
24.0, 1.0, 3.0, 4.0, 2.0, 1.0, 2.0, 2.0
41.0, 1.0, 1.0, 4.0, 2.0, 2.0, 2.0, 2.0
32.0, 1.0, 2.0, 4.0, 2.0, 2.0, 2.0, 2.0
35.0, 1.0, 1.0, 4.0, 2.0, 1.0, 2.0, 2.0
41.0, 1.0, 3.0, 4.0, 2.0, 1.0, 2.0, 2.0
43.0, 2.0, 3.0, 4.0, 2.0, 1.0, 1.0, 2.0
43.0, 1.0, 2.0, 4.0, 2.0, 1.0, 2.0, 2.0
21.0, 1.0, 3.0, 4.0, 2.0, 1.0, 1.0, 2.0
42.0, 1.0, 4.0, 4.0, 2.0, 1.0, 2.0, 2.0
24.0, 1.0, 1.0, 4.0, 2.0, 2.0, 2.0, 2.0
15.0, 1.0, 1.0, 4.0, 2.0, 2.0, 2.0, 2.0
25.0, 5.0, 4.0, 4.0, 2.0, 1.0, 1.0, 1.0
21.0, 2.0, 1.0, 4.0, 2.0, 1.0, 2.0, 2.0
24.0, 1.0, 3.0, 4.0, 2.0, 1.0, 1.0, 1.0
52.0, 1.0, 4.0, 4.0, 2.0, 1.0, 2.0, 1.0
50.0, 1.0, 1.0, 4.0, 2.0, 1.0, 2.0, 2.0
11.0, 3.0, 2.0, 4.0, 2.0, 1.0, 2.0, 2.0
43.0, 2.0, 3.0, 4.0, 2.0, 1.0, 2.0, 1.0
23.0, 1.0, 4.0, 4.0, 2.0, 1.0, 1.0, 2.0
22.0, 2.0, 4.0, 4.0, 2.0, 1.0, 2.0, 2.0
26.0, 1.0, 4.0, 4.0, 2.0, 1.0, 2.0, 2.0
14.0, 1.0, 2.0, 4.0, 2.0, 1.0, 2.0, 2.0
31.0, 1.0, 2.0, 4.0, 2.0, 2.0, 1.0, 2.0
14.0, 2.0, 1.0, 4.0, 2.0, 1.0, 2.0, 2.0
52.0, 1.0, 1.0, 4.0, 2.0, 2.0, 2.0, 2.0
33.0, 1.0, 1.0, 4.0, 2.0, 2.0, 2.0, 2.0
51.0, 1.0, 2.0, 4.0, 2.0, 2.0, 2.0, 2.0
23.0, 1.0, 2.0, 4.0, 2.0, 2.0, 1.0, 2.0
50.0, 1.0, 1.0, 4.0, 2.0, 2.0, 2.0, 2.0
31.0, 1.0, 2.0, 4.0, 2.0, 2.0, 2.0, 2.0
14.0, 1.0, 3.0, 4.0, 2.0, 1.0, 2.0, 2.0
14.0, 1.0, 5.0, 4.0, 2.0, 2.0, 2.0, 2.0
33.0, 1.0, 3.0, 4.0, 2.0, 1.0, 2.0, 2.0
42.0, 1.0, 2.0, 4.0, 2.0, 2.0, 2.0, 2.0
41.0, 1.0, 3.0, 4.0, 2.0, 2.0, 1.0, 2.0
26.0, 1.0, 3.0, 4.0, 2.0, 2.0, 2.0, 2.0
53.0, 1.0, 4.0, 4.0, 2.0, 1.0, 1.0, 1.0
25.0, 1.0, 1.0, 4.0, 2.0, 2.0, 2.0, 2.0
32.0, 1.0, 3.0, 4.0, 2.0, 1.0, 2.0, 2.0
52.0, 1.0, 2.0, 4.0, 2.0, 2.0, 2.0, 2.0
50.0, 1.0, 3.0, 4.0, 2.0, 2.0, 2.0, 2.0
17.0, 1.0, 2.0, 4.0, 2.0, 2.0, 2.0, 2.0
23.0, 1.0, 3.0, 4.0, 2.0, 1.0, 2.0, 2.0
31.0, 1.0, 2.0, 4.0, 2.0, 1.0, 2.0, 2.0
26.0, 1.0, 2.0, 4.0, 2.0, 1.0, 2.0, 2.0
43.0, 1.0, 4.0, 4.0, 2.0, 1.0, 2.0, 2.0
12.0, 3.0, 3.0, 4.0, 2.0, 1.0, 2.0, 2.0
16.0, 2.0, 3.0, 4.0, 2.0, 2.0, 2.0, 2.0
21.0, 1.0, 2.0, 4.0, 2.0, 2.0, 1.0, 1.0
29.0, 1.0, 3.0, 4.0, 2.0, 1.0, 2.0, 1.0
14.0, 1.0, 4.0, 4.0, 2.0, 1.0, 2.0, 2.0
32.0, 1.0, 3.0, 4.0, 2.0, 1.0, 1.0, 2.0
11.0, 3.0, 2.0, 4.0, 2.0, 2.0, 2.0, 2.0
23.0, 1.0, 2.0, 4.0, 2.0, 2.0, 1.0, 2.0
24.0, 1.0, 2.0, 4.0, 2.0, 2.0, 2.0, 2.0
31.0, 1.0, 2.0, 4.0, 2.0, 2.0, 2.0, 2.0
52.0, 1.0, 4.0, 4.0, 2.0, 1.0, 2.0, 2.0
35.0, 1.0, 4.0, 4.0, 2.0, 1.0, 2.0, 1.0
27.0, 1.0, 2.0, 4.0, 2.0, 2.0, 2.0, 2.0
22.0, 1.0, 3.0, 4.0, 2.0, 1.0, 1.0, 2.0
50.0, 1.0, 1.0, 4.0, 2.0, 1.0, 2.0, 2.0
29.0, 1.0, 3.0, 4.0, 2.0, 1.0, 2.0, 2.0
27.0, 1.0, 2.0, 4.0, 2.0, 2.0, 2.0, 2.0
35.0, 1.0, 2.0, 4.0, 2.0, 2.0, 2.0, 2.0
27.0, 2.0, 2.0, 4.0, 2.0, 1.0, 2.0, 2.0
24.0, 1.0, 3.0, 4.0, 2.0, 1.0, 2.0, 2.0
15.0, 2.0, 2.0, 4.0, 2.0, 2.0, 1.0, 2.0
26.0, 1.0, 2.0, 4.0, 2.0, 2.0, 2.0, 2.0
21.0, 2.0, 4.0, 4.0, 2.0, 1.0, 2.0, 2.0
35.0, 1.0, 2.0, 4.0, 2.0, 1.0, 2.0, 2.0
13.0, 1.0, 2.0, 4.0, 2.0, 1.0, 2.0, 2.0
42.0, 1.0, 2.0, 4.0, 2.0, 2.0, 2.0, 2.0
25.0, 1.0, 3.0, 4.0, 2.0, 2.0, 2.0, 2.0
13.0, 1.0, 3.0, 4.0, 2.0, 1.0, 1.0, 1.0
24.0, 1.0, 4.0, 4.0, 2.0, 1.0, 2.0, 2.0
51.0, 1.0, 3.0, 4.0, 2.0, 1.0, 2.0, 2.0
23.0, 3.0, 4.0, 4.0, 2.0, 1.0, 2.0, 2.0
24.0, 1.0, 2.0, 4.0, 2.0, 2.0, 2.0, 2.0
15.0, 3.0, 1.0, 4.0, 2.0, 2.0, 2.0, 2.0
27.0, 2.0, 5.0, 4.0, 2.0, 1.0, 2.0, 2.0
15.0, 3.0, 2.0, 4.0, 2.0, 2.0, 2.0, 2.0
41.0, 1.0, 1.0, 4.0, 2.0, 2.0, 2.0, 2.0
32.0, 1.0, 4.0, 4.0, 2.0, 1.0, 2.0, 2.0
43.0, 2.0, 3.0, 4.0, 2.0, 1.0, 2.0, 1.0
21.0, 2.0, 4.0, 4.0, 2.0, 2.0, 2.0, 2.0
32.0, 1.0, 2.0, 4.0, 2.0, 2.0, 2.0, 2.0
24.0, 1.0, 3.0, 4.0, 2.0, 2.0, 2.0, 2.0
51.0, 1.0, 3.0, 4.0, 2.0, 1.0, 2.0, 2.0
21.0, 1.0, 3.0, 4.0, 2.0, 1.0, 2.0, 1.0
35.0, 1.0, 3.0, 4.0, 2.0, 2.0, 2.0, 2.0
17.0, 1.0, 5.0, 4.0, 2.0, 1.0, 2.0, 2.0
33.0, 2.0, 2.0, 4.0, 2.0, 1.0, 2.0, 2.0
15.0, 2.0, 3.0, 4.0, 2.0, 1.0, 2.0, 2.0
35.0, 1.0, 2.0, 4.0, 2.0, 2.0, 2.0, 1.0
29.0, 1.0, 2.0, 4.0, 2.0, 1.0, 2.0, 1.0
33.0, 1.0, 3.0, 4.0, 2.0, 2.0, 2.0, 1.0
24.0, 1.0, 3.0, 4.0, 2.0, 1.0, 2.0, 2.0
32.0, 1.0, 2.0, 4.0, 2.0, 2.0, 2.0, 2.0
28.0, 1.0, 3.0, 4.0, 2.0, 1.0, 1.0, 2.0
53.0, 1.0, 2.0, 4.0, 2.0, 1.0, 2.0, 2.0
52.0, 1.0, 3.0, 4.0, 2.0, 2.0, 2.0, 2.0
41.0, 1.0, 3.0, 4.0, 2.0, 1.0, 2.0, 2.0
17.0, 4.0, 2.0, 4.0, 2.0, 1.0, 2.0, 2.0
29.0, 1.0, 2.0, 4.0, 2.0, 1.0, 2.0, 2.0
32.0, 1.0, 3.0, 4.0, 2.0, 1.0, 2.0, 2.0
52.0, 1.0, 3.0, 4.0, 2.0, 2.0, 2.0, 2.0
31.0, 1.0, 2.0, 4.0, 2.0, 1.0, 2.0, 2.0
27.0, 6.0, 4.0, 4.0, 2.0, 1.0, 2.0, 2.0
23.0, 1.0, 3.0, 4.0, 2.0, 1.0, 2.0, 1.0
31.0, 3.0, 1.0, 4.0, 2.0, 1.0, 2.0, 2.0
43.0, 1.0, 2.0, 4.0, 2.0, 2.0, 2.0, 2.0
42.0, 1.0, 3.0, 4.0, 2.0, 1.0, 2.0, 2.0
13.0, 1.0, 3.0, 4.0, 2.0, 1.0, 1.0, 2.0
31.0, 1.0, 3.0, 4.0, 2.0, 1.0, 2.0, 1.0
27.0, 2.0, 3.0, 4.0, 2.0, 2.0, 2.0, 2.0
17.0, 1.0, 4.0, 4.0, 2.0, 1.0, 1.0, 2.0
27.0, 1.0, 3.0, 4.0, 2.0, 1.0, 1.0, 2.0
35.0, 1.0, 2.0, 4.0, 2.0, 2.0, 2.0, 2.0
35.0, 1.0, 2.0, 4.0, 2.0, 1.0, 2.0, 2.0
42.0, 1.0, 4.0, 4.0, 2.0, 1.0, 1.0, 2.0
33.0, 2.0, 3.0, 4.0, 2.0, 2.0, 2.0, 2.0
35.0, 1.0, 3.0, 4.0, 2.0, 1.0, 1.0, 2.0
35.0, 1.0, 3.0, 4.0, 2.0, 1.0, 2.0, 2.0
15.0, 1.0, 4.0, 4.0, 2.0, 1.0, 1.0, 1.0
41.0, 1.0, 3.0, 4.0, 2.0, 2.0, 2.0, 1.0
28.0, 1.0, 4.0, 4.0, 2.0, 1.0, 2.0, 2.0
43.0, 1.0, 2.0, 4.0, 2.0, 2.0, 2.0, 2.0
41.0, 1.0, 3.0, 4.0, 2.0, 1.0, 2.0, 2.0
51.0, 1.0, 4.0, 4.0, 2.0, 1.0, 2.0, 2.0
21.0, 1.0, 4.0, 4.0, 2.0, 1.0, 2.0, 2.0
27.0, 1.0, 3.0, 4.0, 2.0, 1.0, 2.0, 2.0
24.0, 1.0, 2.0, 4.0, 2.0, 1.0, 2.0, 1.0
22.0, 6.0, 2.0, 4.0, 2.0, 2.0, 2.0, 2.0
14.0, 1.0, 4.0, 4.0, 2.0, 2.0, 1.0, 2.0
15.0, 2.0, 2.0, 4.0, 2.0, 2.0, 2.0, 2.0
41.0, 1.0, 3.0, 4.0, 2.0, 1.0, 2.0, 2.0
27.0, 1.0, 2.0, 4.0, 2.0, 2.0, 2.0, 2.0
42.0, 1.0, 1.0, 4.0, 2.0, 2.0, 2.0, 2.0
11.0, 3.0, 3.0, 4.0, 2.0, 1.0, 2.0, 1.0
35.0, 1.0, 1.0, 4.0, 2.0, 2.0, 2.0, 2.0
26.0, 1.0, 5.0, 4.0, 2.0, 1.0, 2.0, 2.0
50.0, 2.0, 4.0, 4.0, 2.0, 1.0, 2.0, 2.0
24.0, 1.0, 2.0, 4.0, 2.0, 1.0, 2.0, 2.0
43.0, 1.0, 2.0, 4.0, 2.0, 2.0, 1.0, 1.0
35.0, 2.0, 2.0, 4.0, 2.0, 2.0, 2.0, 2.0
29.0, 1.0, 4.0, 4.0, 2.0, 1.0, 1.0, 1.0
31.0, 1.0, 2.0, 4.0, 2.0, 2.0, 2.0, 2.0
43.0, 1.0, 2.0, 4.0, 2.0, 2.0, 2.0, 2.0
14.0, 1.0, 3.0, 4.0, 2.0, 1.0, 1.0, 2.0
42.0, 1.0, 1.0, 4.0, 2.0, 1.0, 2.0, 2.0
53.0, 1.0, 3.0, 4.0, 2.0, 1.0, 2.0, 2.0
41.0, 1.0, 2.0, 4.0, 2.0, 2.0, 2.0, 2.0
41.0, 1.0, 2.0, 4.0, 2.0, 1.0, 2.0, 2.0
14.0, 1.0, 2.0, 4.0, 2.0, 2.0, 2.0, 2.0
24.0, 1.0, 2.0, 4.0, 2.0, 2.0, 2.0, 2.0
32.0, 1.0, 3.0, 4.0, 2.0, 2.0, 1.0, 2.0
41.0, 1.0, 2.0, 4.0, 2.0, 1.0, 2.0, 2.0
21.0, 2.0, 2.0, 4.0, 2.0, 1.0, 2.0, 2.0
51.0, 1.0, 3.0, 4.0, 2.0, 1.0, 2.0, 2.0
52.0, 1.0, 4.0, 4.0, 2.0, 1.0, 1.0, 1.0
52.0, 3.0, 1.0, 4.0, 2.0, 2.0, 2.0, 2.0
24.0, 1.0, 1.0, 4.0, 2.0, 2.0, 2.0, 2.0
31.0, 1.0, 1.0, 4.0, 2.0, 2.0, 2.0, 2.0
42.0, 4.0, 3.0, 4.0, 2.0, 1.0, 2.0, 2.0
43.0, 1.0, 3.0, 4.0, 2.0, 1.0, 2.0, 2.0
26.0, 1.0, 3.0, 4.0, 2.0, 1.0, 2.0, 2.0
52.0, 1.0, 4.0, 4.0, 2.0, 1.0, 1.0, 2.0
14.0, 1.0, 2.0, 4.0, 2.0, 2.0, 2.0, 2.0
31.0, 1.0, 2.0, 4.0, 2.0, 2.0, 2.0, 2.0
26.0, 1.0, 2.0, 4.0, 2.0, 1.0, 2.0, 2.0
31.0, 1.0, 2.0, 4.0, 2.0, 2.0, 2.0, 2.0
41.0, 4.0, 3.0, 4.0, 2.0, 1.0, 2.0, 2.0
13.0, 6.0, 2.0, 4.0, 2.0, 1.0, 2.0, 2.0
26.0, 2.0, 2.0, 4.0, 2.0, 2.0, 2.0, 2.0
53.0, 1.0, 5.0, 4.0, 2.0, 1.0, 2.0, 2.0
12.0, 1.0, 3.0, 4.0, 2.0, 1.0, 2.0, 2.0
41.0, 2.0, 2.0, 4.0, 2.0, 1.0, 2.0, 2.0
25.0, 1.0, 2.0, 4.0, 2.0, 2.0, 2.0, 2.0
43.0, 1.0, 2.0, 4.0, 2.0, 1.0, 1.0, 1.0
32.0, 1.0, 2.0, 4.0, 2.0, 2.0, 2.0, 2.0
24.0, 1.0, 2.0, 4.0, 2.0, 1.0, 2.0, 2.0
12.0, 2.0, 3.0, 4.0, 2.0, 2.0, 2.0, 2.0
21.0, 1.0, 4.0, 4.0, 2.0, 1.0, 2.0, 2.0
16.0, 1.0, 2.0, 4.0, 2.0, 2.0, 2.0, 2.0
53.0, 1.0, 2.0, 4.0, 2.0, 1.0, 2.0, 2.0
33.0, 1.0, 2.0, 4.0, 2.0, 1.0, 2.0, 2.0
26.0, 2.0, 2.0, 4.0, 2.0, 2.0, 2.0, 2.0
32.0, 1.0, 1.0, 4.0, 2.0, 1.0, 2.0, 2.0
51.0, 1.0, 2.0, 4.0, 2.0, 2.0, 2.0, 2.0
27.0, 1.0, 2.0, 4.0, 2.0, 2.0, 2.0, 2.0
22.0, 6.0, 2.0, 4.0, 2.0, 1.0, 2.0, 2.0
17.0, 1.0, 2.0, 4.0, 2.0, 1.0, 2.0, 2.0
11.0, 2.0, 4.0, 4.0, 2.0, 2.0, 2.0, 2.0
26.0, 6.0, 2.0, 4.0, 2.0, 2.0, 2.0, 2.0
12.0, 2.0, 3.0, 4.0, 2.0, 2.0, 1.0, 2.0
50.0, 1.0, 3.0, 4.0, 2.0, 1.0, 2.0, 2.0
41.0, 2.0, 3.0, 4.0, 2.0, 1.0, 1.0, 2.0
14.0, 1.0, 2.0, 4.0, 2.0, 2.0, 2.0, 2.0
31.0, 1.0, 1.0, 4.0, 2.0, 2.0, 2.0, 2.0
27.0, 1.0, 3.0, 4.0, 2.0, 2.0, 2.0, 2.0
21.0, 1.0, 4.0, 4.0, 2.0, 2.0, 2.0, 2.0
42.0, 1.0, 3.0, 4.0, 2.0, 1.0, 2.0, 2.0
17.0, 1.0, 4.0, 4.0, 2.0, 1.0, 1.0, 1.0
35.0, 1.0, 2.0, 4.0, 2.0, 2.0, 2.0, 2.0
35.0, 1.0, 2.0, 4.0, 2.0, 2.0, 2.0, 2.0
13.0, 1.0, 2.0, 4.0, 2.0, 2.0, 2.0, 2.0
26.0, 2.0, 4.0, 4.0, 2.0, 1.0, 2.0, 2.0
31.0, 1.0, 1.0, 4.0, 2.0, 2.0, 2.0, 2.0
41.0, 1.0, 2.0, 4.0, 2.0, 1.0, 2.0, 2.0
33.0, 1.0, 3.0, 4.0, 2.0, 2.0, 2.0, 2.0
21.0, 6.0, 3.0, 4.0, 2.0, 1.0, 2.0, 2.0
42.0, 1.0, 2.0, 4.0, 2.0, 1.0, 2.0, 2.0
43.0, 4.0, 2.0, 4.0, 2.0, 1.0, 2.0, 2.0
52.0, 1.0, 2.0, 4.0, 2.0, 1.0, 2.0, 1.0
31.0, 1.0, 3.0, 4.0, 2.0, 1.0, 2.0, 2.0
42.0, 1.0, 2.0, 4.0, 2.0, 1.0, 2.0, 2.0
31.0, 1.0, 2.0, 4.0, 2.0, 1.0, 2.0, 2.0
51.0, 1.0, 2.0, 4.0, 2.0, 1.0, 2.0, 1.0
24.0, 1.0, 3.0, 4.0, 2.0, 2.0, 1.0, 2.0
50.0, 1.0, 3.0, 4.0, 2.0, 2.0, 2.0, 2.0
32.0, 2.0, 2.0, 4.0, 2.0, 1.0, 2.0, 2.0
52.0, 1.0, 2.0, 4.0, 2.0, 2.0, 2.0, 2.0
35.0, 2.0, 2.0, 4.0, 2.0, 1.0, 2.0, 1.0
26.0, 1.0, 3.0, 4.0, 2.0, 1.0, 2.0, 2.0
43.0, 1.0, 1.0, 4.0, 1.0, 1.0, 2.0, 2.0
52.0, 1.0, 2.0, 4.0, 2.0, 1.0, 2.0, 2.0
35.0, 1.0, 2.0, 4.0, 2.0, 2.0, 2.0, 1.0
12.0, 3.0, 3.0, 4.0, 2.0, 2.0, 2.0, 2.0
22.0, 1.0, 4.0, 4.0, 2.0, 1.0, 2.0, 2.0
31.0, 1.0, 2.0, 4.0, 2.0, 1.0, 1.0, 2.0
43.0, 1.0, 1.0, 4.0, 2.0, 1.0, 2.0, 2.0
29.0, 1.0, 2.0, 4.0, 2.0, 2.0, 2.0, 2.0
43.0, 1.0, 4.0, 4.0, 2.0, 2.0, 2.0, 2.0
31.0, 4.0, 3.0, 4.0, 2.0, 2.0, 2.0, 2.0
26.0, 1.0, 3.0, 4.0, 2.0, 1.0, 2.0, 2.0
28.0, 1.0, 3.0, 4.0, 1.0, 1.0, 2.0, 2.0
26.0, 1.0, 2.0, 4.0, 2.0, 2.0, 2.0, 2.0
28.0, 1.0, 2.0, 4.0, 2.0, 2.0, 2.0, 2.0
21.0, 1.0, 3.0, 4.0, 2.0, 2.0, 2.0, 2.0
33.0, 1.0, 2.0, 4.0, 2.0, 2.0, 2.0, 2.0
35.0, 1.0, 2.0, 4.0, 2.0, 2.0, 2.0, 2.0
50.0, 1.0, 2.0, 4.0, 2.0, 2.0, 2.0, 2.0
23.0, 1.0, 2.0, 4.0, 2.0, 2.0, 2.0, 2.0
12.0, 3.0, 2.0, 4.0, 2.0, 2.0, 2.0, 2.0
11.0, 3.0, 3.0, 4.0, 2.0, 2.0, 2.0, 2.0
29.0, 1.0, 5.0, 4.0, 2.0, 1.0, 2.0, 1.0
13.0, 2.0, 2.0, 4.0, 2.0, 2.0, 2.0, 2.0
43.0, 1.0, 2.0, 4.0, 2.0, 1.0, 2.0, 2.0
27.0, 2.0, 2.0, 4.0, 2.0, 2.0, 1.0, 2.0
31.0, 1.0, 2.0, 4.0, 2.0, 1.0, 2.0, 2.0
24.0, 1.0, 2.0, 4.0, 2.0, 1.0, 2.0, 2.0
14.0, 1.0, 4.0, 4.0, 2.0, 1.0, 2.0, 2.0
28.0, 1.0, 3.0, 4.0, 2.0, 2.0, 2.0, 2.0
43.0, 1.0, 2.0, 4.0, 2.0, 1.0, 2.0, 1.0
51.0, 1.0, 1.0, 4.0, 2.0, 2.0, 2.0, 2.0
43.0, 1.0, 3.0, 4.0, 2.0, 1.0, 2.0, 2.0
16.0, 1.0, 2.0, 4.0, 2.0, 2.0, 2.0, 2.0
14.0, 1.0, 3.0, 4.0, 2.0, 2.0, 2.0, 2.0
23.0, 1.0, 3.0, 4.0, 2.0, 1.0, 2.0, 2.0
29.0, 1.0, 5.0, 4.0, 2.0, 2.0, 2.0, 2.0
11.0, 1.0, 2.0, 4.0, 2.0, 2.0, 2.0, 2.0
32.0, 1.0, 4.0, 4.0, 2.0, 2.0, 2.0, 2.0
51.0, 2.0, 2.0, 4.0, 2.0, 2.0, 2.0, 2.0
35.0, 1.0, 1.0, 4.0, 2.0, 2.0, 2.0, 2.0
13.0, 4.0, 2.0, 4.0, 2.0, 2.0, 2.0, 2.0
15.0, 2.0, 2.0, 4.0, 2.0, 2.0, 2.0, 2.0
50.0, 1.0, 2.0, 4.0, 2.0, 2.0, 2.0, 2.0
26.0, 1.0, 3.0, 4.0, 2.0, 1.0, 2.0, 2.0
41.0, 1.0, 2.0, 4.0, 2.0, 1.0, 2.0, 2.0
33.0, 1.0, 2.0, 4.0, 2.0, 2.0, 2.0, 2.0
12.0, 1.0, 4.0, 4.0, 2.0, 1.0, 2.0, 1.0
42.0, 1.0, 3.0, 4.0, 2.0, 1.0, 2.0, 1.0
24.0, 6.0, 3.0, 4.0, 2.0, 2.0, 2.0, 2.0
35.0, 1.0, 2.0, 4.0, 2.0, 2.0, 2.0, 2.0
12.0, 2.0, 1.0, 4.0, 2.0, 1.0, 2.0, 2.0
26.0, 1.0, 2.0, 4.0, 2.0, 2.0, 2.0, 2.0
15.0, 1.0, 3.0, 4.0, 2.0, 1.0, 2.0, 2.0
23.0, 2.0, 2.0, 4.0, 2.0, 2.0, 2.0, 2.0
25.0, 1.0, 2.0, 4.0, 2.0, 2.0, 2.0, 2.0
33.0, 1.0, 3.0, 4.0, 2.0, 2.0, 1.0, 2.0
31.0, 2.0, 2.0, 4.0, 2.0, 1.0, 2.0, 2.0
52.0, 1.0, 3.0, 4.0, 2.0, 2.0, 2.0, 2.0
31.0, 1.0, 3.0, 4.0, 2.0, 1.0, 2.0, 1.0
42.0, 1.0, 1.0, 4.0, 2.0, 2.0, 2.0, 2.0
41.0, 1.0, 2.0, 4.0, 2.0, 1.0, 2.0, 2.0
33.0, 4.0, 2.0, 4.0, 2.0, 1.0, 2.0, 2.0
15.0, 2.0, 3.0, 4.0, 2.0, 1.0, 2.0, 2.0
41.0, 1.0, 3.0, 4.0, 2.0, 2.0, 2.0, 1.0
12.0, 1.0, 2.0, 4.0, 2.0, 2.0, 2.0, 2.0
13.0, 1.0, 5.0, 3.0, 2.0, 1.0, 2.0, 2.0
35.0, 1.0, 2.0, 4.0, 2.0, 1.0, 2.0, 2.0
43.0, 1.0, 4.0, 4.0, 2.0, 2.0, 1.0, 1.0
11.0, 3.0, 3.0, 4.0, 2.0, 2.0, 2.0, 2.0
42.0, 1.0, 3.0, 4.0, 2.0, 1.0, 2.0, 2.0
26.0, 1.0, 2.0, 4.0, 2.0, 2.0, 2.0, 2.0
52.0, 1.0, 2.0, 4.0, 2.0, 1.0, 2.0, 2.0
43.0, 1.0, 2.0, 4.0, 2.0, 1.0, 2.0, 2.0
13.0, 1.0, 3.0, 4.0, 2.0, 1.0, 2.0, 1.0
26.0, 3.0, 2.0, 4.0, 2.0, 2.0, 2.0, 2.0
27.0, 3.0, 2.0, 4.0, 2.0, 1.0, 2.0, 2.0
33.0, 2.0, 3.0, 4.0, 2.0, 1.0, 2.0, 2.0
33.0, 1.0, 3.0, 4.0, 2.0, 2.0, 1.0, 2.0
50.0, 1.0, 3.0, 4.0, 2.0, 2.0, 2.0, 2.0
33.0, 2.0, 3.0, 4.0, 2.0, 2.0, 2.0, 2.0
12.0, 3.0, 3.0, 4.0, 2.0, 2.0, 2.0, 2.0
23.0, 1.0, 2.0, 4.0, 2.0, 2.0, 2.0, 2.0
33.0, 1.0, 5.0, 4.0, 2.0, 1.0, 1.0, 2.0
27.0, 1.0, 3.0, 4.0, 2.0, 2.0, 2.0, 2.0
33.0, 2.0, 2.0, 4.0, 2.0, 2.0, 2.0, 2.0
43.0, 1.0, 4.0, 4.0, 2.0, 1.0, 1.0, 2.0
52.0, 3.0, 1.0, 4.0, 2.0, 2.0, 2.0, 2.0
31.0, 1.0, 2.0, 4.0, 2.0, 2.0, 2.0, 2.0
52.0, 1.0, 3.0, 4.0, 2.0, 1.0, 1.0, 1.0
52.0, 1.0, 2.0, 4.0, 1.0, 1.0, 2.0, 2.0
52.0, 4.0, 4.0, 4.0, 2.0, 1.0, 1.0, 2.0
53.0, 1.0, 3.0, 4.0, 2.0, 1.0, 1.0, 1.0
41.0, 3.0, 2.0, 4.0, 2.0, 1.0, 2.0, 2.0
23.0, 3.0, 3.0, 4.0, 2.0, 2.0, 2.0, 2.0
25.0, 1.0, 3.0, 4.0, 2.0, 1.0, 2.0, 2.0
31.0, 1.0, 4.0, 4.0, 2.0, 1.0, 1.0, 2.0
41.0, 1.0, 4.0, 4.0, 2.0, 1.0, 2.0, 1.0
33.0, 1.0, 3.0, 4.0, 2.0, 1.0, 1.0, 2.0
26.0, 1.0, 4.0, 4.0, 2.0, 1.0, 1.0, 2.0
22.0, 6.0, 2.0, 4.0, 2.0, 1.0, 2.0, 2.0
33.0, 1.0, 2.0, 4.0, 2.0, 2.0, 2.0, 2.0
17.0, 1.0, 3.0, 4.0, 2.0, 2.0, 2.0, 2.0
21.0, 1.0, 3.0, 4.0, 2.0, 2.0, 2.0, 2.0
11.0, 3.0, 5.0, 4.0, 2.0, 1.0, 1.0, 2.0
31.0, 1.0, 4.0, 4.0, 2.0, 1.0, 2.0, 2.0
23.0, 1.0, 2.0, 4.0, 2.0, 2.0, 2.0, 2.0
23.0, 1.0, 3.0, 4.0, 2.0, 1.0, 2.0, 2.0
51.0, 2.0, 2.0, 4.0, 2.0, 1.0, 2.0, 2.0
41.0, 1.0, 3.0, 4.0, 2.0, 1.0, 2.0, 2.0
21.0, 1.0, 3.0, 4.0, 2.0, 1.0, 1.0, 2.0
24.0, 1.0, 3.0, 4.0, 2.0, 1.0, 2.0, 2.0
21.0, 1.0, 3.0, 4.0, 2.0, 1.0, 2.0, 2.0
32.0, 3.0, 3.0, 4.0, 2.0, 1.0, 2.0, 2.0
33.0, 1.0, 2.0, 4.0, 2.0, 2.0, 2.0, 2.0
21.0, 2.0, 3.0, 4.0, 2.0, 1.0, 2.0, 2.0
32.0, 4.0, 3.0, 4.0, 2.0, 2.0, 2.0, 2.0
26.0, 1.0, 4.0, 4.0, 2.0, 1.0, 2.0, 2.0
50.0, 1.0, 2.0, 4.0, 2.0, 2.0, 2.0, 2.0
53.0, 1.0, 1.0, 4.0, 2.0, 1.0, 2.0, 2.0
12.0, 3.0, 2.0, 4.0, 2.0, 2.0, 2.0, 2.0
17.0, 4.0, 3.0, 4.0, 2.0, 2.0, 2.0, 2.0
31.0, 3.0, 3.0, 4.0, 2.0, 2.0, 1.0, 2.0
21.0, 1.0, 3.0, 4.0, 2.0, 1.0, 2.0, 2.0
25.0, 1.0, 3.0, 4.0, 1.0, 1.0, 2.0, 2.0
22.0, 1.0, 3.0, 4.0, 2.0, 2.0, 2.0, 2.0
41.0, 1.0, 3.0, 4.0, 2.0, 2.0, 2.0, 2.0
23.0, 1.0, 3.0, 4.0, 2.0, 1.0, 2.0, 2.0
41.0, 1.0, 3.0, 4.0, 2.0, 1.0, 2.0, 1.0
50.0, 1.0, 3.0, 4.0, 2.0, 1.0, 2.0, 1.0
52.0, 3.0, 2.0, 4.0, 2.0, 2.0, 2.0, 2.0
11.0, 1.0, 4.0, 4.0, 2.0, 1.0, 2.0, 1.0
33.0, 1.0, 2.0, 4.0, 2.0, 1.0, 2.0, 2.0
13.0, 1.0, 2.0, 4.0, 2.0, 2.0, 2.0, 2.0
42.0, 1.0, 2.0, 4.0, 2.0, 1.0, 2.0, 2.0
25.0, 1.0, 2.0, 4.0, 2.0, 2.0, 2.0, 2.0
52.0, 1.0, 2.0, 4.0, 2.0, 2.0, 2.0, 2.0
24.0, 1.0, 3.0, 4.0, 2.0, 1.0, 2.0, 2.0
33.0, 1.0, 3.0, 4.0, 2.0, 2.0, 2.0, 2.0
16.0, 3.0, 3.0, 4.0, 2.0, 1.0, 2.0, 2.0
42.0, 1.0, 3.0, 4.0, 2.0, 1.0, 2.0, 2.0
23.0, 1.0, 1.0, 4.0, 2.0, 2.0, 2.0, 2.0
42.0, 1.0, 2.0, 4.0, 2.0, 2.0, 2.0, 2.0
23.0, 1.0, 3.0, 4.0, 2.0, 2.0, 1.0, 2.0
50.0, 1.0, 3.0, 4.0, 2.0, 1.0, 2.0, 2.0
16.0, 3.0, 4.0, 4.0, 2.0, 1.0, 2.0, 1.0
31.0, 1.0, 3.0, 4.0, 2.0, 1.0, 2.0, 2.0
51.0, 4.0, 5.0, 4.0, 2.0, 1.0, 2.0, 2.0
51.0, 1.0, 3.0, 4.0, 2.0, 1.0, 2.0, 2.0
33.0, 1.0, 5.0, 4.0, 2.0, 2.0, 2.0, 1.0
31.0, 2.0, 3.0, 4.0, 2.0, 1.0, 2.0, 2.0
27.0, 1.0, 3.0, 4.0, 2.0, 2.0, 2.0, 2.0
42.0, 1.0, 3.0, 4.0, 2.0, 1.0, 2.0, 2.0
41.0, 1.0, 3.0, 4.0, 2.0, 1.0, 2.0, 2.0
24.0, 3.0, 4.0, 4.0, 2.0, 1.0, 2.0, 2.0
13.0, 1.0, 3.0, 4.0, 2.0, 2.0, 2.0, 2.0
31.0, 1.0, 2.0, 4.0, 2.0, 1.0, 2.0, 2.0
33.0, 1.0, 2.0, 4.0, 2.0, 1.0, 1.0, 1.0
25.0, 1.0, 2.0, 4.0, 2.0, 2.0, 2.0, 2.0
32.0, 1.0, 3.0, 4.0, 2.0, 1.0, 2.0, 2.0
53.0, 1.0, 1.0, 4.0, 2.0, 2.0, 2.0, 2.0
15.0, 2.0, 2.0, 4.0, 2.0, 1.0, 2.0, 2.0
31.0, 1.0, 4.0, 4.0, 2.0, 1.0, 2.0, 2.0
23.0, 1.0, 3.0, 4.0, 2.0, 1.0, 2.0, 2.0
11.0, 2.0, 2.0, 4.0, 2.0, 2.0, 2.0, 2.0
17.0, 1.0, 2.0, 4.0, 2.0, 2.0, 2.0, 2.0
43.0, 3.0, 4.0, 4.0, 2.0, 1.0, 2.0, 1.0
53.0, 1.0, 4.0, 4.0, 2.0, 1.0, 2.0, 2.0
33.0, 1.0, 2.0, 4.0, 1.0, 2.0, 2.0, 2.0
33.0, 1.0, 3.0, 4.0, 2.0, 1.0, 1.0, 1.0
42.0, 1.0, 1.0, 4.0, 2.0, 1.0, 2.0, 2.0
35.0, 1.0, 2.0, 4.0, 2.0, 2.0, 2.0, 2.0
31.0, 1.0, 3.0, 4.0, 2.0, 2.0, 2.0, 2.0
33.0, 1.0, 2.0, 4.0, 2.0, 2.0, 2.0, 2.0
43.0, 2.0, 3.0, 4.0, 2.0, 1.0, 1.0, 2.0
26.0, 3.0, 4.0, 4.0, 2.0, 1.0, 2.0, 2.0
33.0, 1.0, 2.0, 4.0, 2.0, 2.0, 2.0, 2.0
33.0, 1.0, 2.0, 4.0, 2.0, 2.0, 2.0, 2.0
13.0, 1.0, 3.0, 4.0, 2.0, 2.0, 2.0, 1.0
43.0, 1.0, 4.0, 4.0, 2.0, 1.0, 2.0, 1.0
42.0, 1.0, 3.0, 4.0, 2.0, 2.0, 1.0, 2.0
23.0, 1.0, 3.0, 4.0, 2.0, 1.0, 2.0, 2.0
35.0, 1.0, 2.0, 4.0, 2.0, 2.0, 2.0, 2.0
35.0, 1.0, 2.0, 4.0, 2.0, 2.0, 2.0, 2.0
24.0, 1.0, 4.0, 4.0, 2.0, 2.0, 2.0, 1.0
33.0, 1.0, 2.0, 4.0, 2.0, 2.0, 1.0, 2.0
29.0, 1.0, 2.0, 4.0, 2.0, 2.0, 1.0, 2.0
35.0, 1.0, 3.0, 4.0, 2.0, 1.0, 2.0, 2.0
43.0, 1.0, 2.0, 4.0, 2.0, 1.0, 2.0, 2.0
21.0, 3.0, 5.0, 4.0, 2.0, 1.0, 2.0, 2.0
23.0, 1.0, 2.0, 4.0, 2.0, 2.0, 2.0, 2.0
35.0, 1.0, 4.0, 4.0, 2.0, 1.0, 1.0, 1.0
14.0, 1.0, 3.0, 4.0, 2.0, 1.0, 2.0, 2.0
50.0, 4.0, 2.0, 4.0, 2.0, 2.0, 2.0, 2.0
14.0, 1.0, 2.0, 4.0, 2.0, 1.0, 2.0, 2.0
13.0, 1.0, 3.0, 4.0, 2.0, 2.0, 1.0, 2.0
27.0, 1.0, 4.0, 4.0, 2.0, 2.0, 1.0, 2.0
23.0, 1.0, 2.0, 4.0, 2.0, 2.0, 2.0, 2.0
53.0, 1.0, 2.0, 4.0, 2.0, 2.0, 2.0, 2.0
13.0, 1.0, 3.0, 4.0, 2.0, 2.0, 2.0, 2.0
50.0, 1.0, 4.0, 4.0, 2.0, 2.0, 2.0, 2.0
33.0, 1.0, 2.0, 4.0, 2.0, 2.0, 2.0, 2.0
43.0, 1.0, 2.0, 4.0, 2.0, 2.0, 2.0, 2.0
33.0, 1.0, 4.0, 4.0, 2.0, 1.0, 2.0, 2.0
13.0, 4.0, 2.0, 4.0, 2.0, 1.0, 1.0, 2.0
16.0, 1.0, 2.0, 4.0, 2.0, 2.0, 2.0, 2.0
51.0, 1.0, 2.0, 4.0, 2.0, 2.0, 2.0, 2.0
26.0, 2.0, 2.0, 4.0, 2.0, 1.0, 2.0, 2.0
23.0, 1.0, 1.0, 4.0, 1.0, 2.0, 2.0, 2.0
23.0, 2.0, 2.0, 4.0, 2.0, 2.0, 2.0, 2.0
51.0, 3.0, 3.0, 4.0, 2.0, 1.0, 2.0, 2.0
33.0, 1.0, 1.0, 4.0, 2.0, 2.0, 2.0, 2.0
31.0, 1.0, 2.0, 4.0, 2.0, 2.0, 2.0, 2.0
25.0, 1.0, 3.0, 4.0, 2.0, 1.0, 2.0, 2.0
33.0, 1.0, 3.0, 4.0, 2.0, 1.0, 1.0, 2.0
16.0, 3.0, 2.0, 4.0, 2.0, 2.0, 2.0, 2.0
28.0, 1.0, 2.0, 4.0, 2.0, 2.0, 1.0, 2.0
33.0, 1.0, 1.0, 4.0, 2.0, 2.0, 2.0, 2.0
50.0, 1.0, 4.0, 4.0, 2.0, 2.0, 2.0, 2.0
12.0, 1.0, 1.0, 4.0, 2.0, 2.0, 2.0, 2.0
33.0, 1.0, 2.0, 4.0, 2.0, 1.0, 2.0, 2.0
35.0, 1.0, 3.0, 4.0, 2.0, 1.0, 2.0, 2.0
22.0, 1.0, 2.0, 4.0, 2.0, 2.0, 2.0, 2.0
12.0, 1.0, 2.0, 4.0, 2.0, 2.0, 2.0, 2.0
15.0, 2.0, 2.0, 4.0, 2.0, 2.0, 2.0, 2.0
32.0, 1.0, 2.0, 4.0, 2.0, 2.0, 2.0, 2.0
15.0, 3.0, 3.0, 4.0, 2.0, 1.0, 2.0, 2.0
22.0, 1.0, 1.0, 4.0, 2.0, 2.0, 2.0, 2.0
32.0, 1.0, 2.0, 4.0, 2.0, 2.0, 2.0, 2.0
32.0, 1.0, 4.0, 4.0, 2.0, 1.0, 2.0, 2.0
35.0, 1.0, 3.0, 4.0, 2.0, 1.0, 2.0, 2.0
22.0, 1.0, 2.0, 4.0, 2.0, 2.0, 2.0, 2.0
23.0, 6.0, 4.0, 4.0, 2.0, 2.0, 2.0, 2.0
16.0, 1.0, 3.0, 4.0, 2.0, 2.0, 2.0, 2.0
33.0, 1.0, 3.0, 4.0, 2.0, 1.0, 2.0, 2.0
24.0, 1.0, 3.0, 4.0, 2.0, 2.0, 1.0, 2.0
41.0, 1.0, 4.0, 4.0, 2.0, 1.0, 1.0, 2.0
41.0, 1.0, 1.0, 4.0, 2.0, 1.0, 2.0, 2.0
26.0, 6.0, 4.0, 4.0, 2.0, 1.0, 1.0, 2.0
41.0, 1.0, 2.0, 4.0, 2.0, 2.0, 2.0, 2.0
22.0, 1.0, 3.0, 4.0, 2.0, 2.0, 2.0, 2.0
24.0, 1.0, 4.0, 4.0, 2.0, 2.0, 2.0, 2.0
15.0, 3.0, 3.0, 4.0, 2.0, 1.0, 2.0, 2.0
33.0, 2.0, 4.0, 4.0, 2.0, 1.0, 2.0, 1.0
35.0, 1.0, 2.0, 4.0, 2.0, 2.0, 1.0, 2.0
11.0, 3.0, 2.0, 4.0, 2.0, 1.0, 2.0, 2.0
35.0, 3.0, 3.0, 4.0, 2.0, 2.0, 2.0, 1.0
27.0, 1.0, 4.0, 4.0, 2.0, 2.0, 1.0, 2.0
42.0, 1.0, 4.0, 4.0, 2.0, 1.0, 2.0, 2.0
51.0, 1.0, 2.0, 4.0, 2.0, 1.0, 2.0, 2.0
42.0, 1.0, 4.0, 4.0, 2.0, 1.0, 2.0, 2.0
33.0, 6.0, 1.0, 4.0, 2.0, 2.0, 2.0, 2.0
33.0, 1.0, 3.0, 4.0, 2.0, 2.0, 1.0, 2.0
31.0, 2.0, 2.0, 4.0, 2.0, 2.0, 2.0, 2.0
12.0, 4.0, 3.0, 4.0, 2.0, 1.0, 1.0, 2.0
12.0, 2.0, 3.0, 4.0, 2.0, 2.0, 1.0, 2.0
35.0, 1.0, 2.0, 4.0, 2.0, 2.0, 2.0, 2.0
31.0, 1.0, 2.0, 4.0, 2.0, 2.0, 2.0, 2.0
53.0, 1.0, 3.0, 3.0, 2.0, 2.0, 2.0, 2.0
52.0, 1.0, 2.0, 4.0, 2.0, 2.0, 2.0, 2.0
31.0, 2.0, 3.0, 4.0, 2.0, 1.0, 2.0, 2.0
50.0, 2.0, 2.0, 4.0, 2.0, 1.0, 2.0, 2.0
11.0, 3.0, 3.0, 4.0, 2.0, 1.0, 2.0, 2.0
26.0, 1.0, 5.0, 4.0, 2.0, 1.0, 2.0, 1.0
31.0, 1.0, 2.0, 4.0, 2.0, 2.0, 2.0, 2.0
35.0, 1.0, 2.0, 4.0, 2.0, 2.0, 2.0, 2.0
27.0, 1.0, 4.0, 4.0, 2.0, 1.0, 2.0, 2.0
53.0, 1.0, 1.0, 4.0, 2.0, 1.0, 2.0, 1.0
12.0, 3.0, 3.0, 4.0, 2.0, 2.0, 2.0, 2.0
26.0, 2.0, 3.0, 4.0, 2.0, 2.0, 2.0, 2.0
42.0, 1.0, 1.0, 4.0, 2.0, 2.0, 2.0, 2.0
21.0, 1.0, 2.0, 4.0, 2.0, 1.0, 2.0, 2.0
29.0, 1.0, 3.0, 4.0, 2.0, 1.0, 2.0, 2.0
28.0, 1.0, 3.0, 4.0, 2.0, 1.0, 2.0, 2.0
13.0, 1.0, 2.0, 4.0, 2.0, 2.0, 2.0, 2.0
52.0, 1.0, 3.0, 4.0, 2.0, 1.0, 1.0, 2.0
50.0, 1.0, 2.0, 4.0, 2.0, 1.0, 2.0, 2.0
33.0, 1.0, 3.0, 4.0, 2.0, 1.0, 2.0, 2.0
29.0, 6.0, 1.0, 4.0, 2.0, 2.0, 2.0, 2.0
31.0, 1.0, 2.0, 4.0, 2.0, 2.0, 2.0, 2.0
13.0, 2.0, 1.0, 4.0, 2.0, 1.0, 2.0, 2.0
31.0, 4.0, 2.0, 4.0, 2.0, 1.0, 2.0, 2.0
51.0, 3.0, 3.0, 4.0, 2.0, 1.0, 2.0, 2.0
33.0, 2.0, 2.0, 4.0, 2.0, 2.0, 2.0, 2.0
31.0, 1.0, 2.0, 4.0, 2.0, 1.0, 2.0, 2.0
13.0, 1.0, 2.0, 4.0, 2.0, 2.0, 2.0, 2.0
21.0, 2.0, 4.0, 4.0, 2.0, 2.0, 2.0, 2.0
41.0, 2.0, 3.0, 4.0, 2.0, 1.0, 2.0, 2.0
26.0, 2.0, 1.0, 4.0, 2.0, 2.0, 2.0, 2.0
52.0, 1.0, 2.0, 4.0, 2.0, 1.0, 2.0, 2.0
41.0, 1.0, 3.0, 4.0, 2.0, 1.0, 2.0, 2.0
53.0, 1.0, 3.0, 4.0, 2.0, 1.0, 2.0, 2.0
21.0, 2.0, 3.0, 4.0, 2.0, 2.0, 2.0, 2.0
23.0, 1.0, 2.0, 4.0, 2.0, 2.0, 2.0, 2.0
27.0, 1.0, 2.0, 4.0, 2.0, 2.0, 2.0, 2.0
11.0, 3.0, 3.0, 4.0, 2.0, 2.0, 2.0, 2.0
16.0, 1.0, 2.0, 4.0, 2.0, 2.0, 2.0, 2.0
13.0, 1.0, 2.0, 4.0, 2.0, 2.0, 2.0, 2.0
33.0, 1.0, 2.0, 4.0, 2.0, 1.0, 2.0, 2.0
42.0, 1.0, 2.0, 4.0, 2.0, 1.0, 2.0, 2.0
33.0, 2.0, 2.0, 4.0, 2.0, 1.0, 2.0, 2.0
41.0, 1.0, 2.0, 4.0, 2.0, 2.0, 2.0, 2.0
43.0, 1.0, 2.0, 4.0, 2.0, 2.0, 2.0, 2.0
27.0, 2.0, 3.0, 4.0, 2.0, 1.0, 2.0, 2.0
13.0, 5.0, 3.0, 4.0, 2.0, 1.0, 2.0, 2.0
17.0, 1.0, 3.0, 4.0, 2.0, 2.0, 2.0, 2.0
32.0, 1.0, 2.0, 4.0, 2.0, 2.0, 2.0, 2.0
41.0, 1.0, 3.0, 4.0, 2.0, 1.0, 2.0, 2.0
50.0, 2.0, 2.0, 4.0, 2.0, 2.0, 2.0, 1.0
14.0, 1.0, 2.0, 4.0, 2.0, 2.0, 2.0, 2.0
15.0, 2.0, 3.0, 4.0, 2.0, 1.0, 2.0, 2.0
33.0, 3.0, 3.0, 4.0, 2.0, 1.0, 1.0, 2.0
23.0, 1.0, 2.0, 4.0, 2.0, 1.0, 2.0, 2.0
11.0, 1.0, 2.0, 4.0, 2.0, 1.0, 2.0, 2.0
41.0, 4.0, 4.0, 4.0, 2.0, 1.0, 2.0, 2.0
41.0, 1.0, 1.0, 4.0, 2.0, 2.0, 2.0, 2.0
33.0, 1.0, 5.0, 4.0, 2.0, 1.0, 1.0, 2.0
41.0, 1.0, 1.0, 4.0, 2.0, 1.0, 2.0, 2.0
26.0, 1.0, 4.0, 4.0, 2.0, 1.0, 1.0, 1.0
16.0, 1.0, 4.0, 4.0, 2.0, 1.0, 2.0, 2.0
15.0, 3.0, 3.0, 4.0, 2.0, 1.0, 2.0, 2.0
26.0, 1.0, 3.0, 4.0, 2.0, 1.0, 2.0, 2.0
27.0, 2.0, 2.0, 4.0, 2.0, 1.0, 2.0, 2.0
21.0, 3.0, 3.0, 4.0, 2.0, 2.0, 2.0, 2.0
50.0, 2.0, 4.0, 4.0, 2.0, 1.0, 2.0, 2.0
25.0, 6.0, 1.0, 4.0, 2.0, 2.0, 2.0, 2.0
33.0, 1.0, 2.0, 4.0, 2.0, 2.0, 2.0, 2.0
43.0, 3.0, 3.0, 4.0, 2.0, 1.0, 1.0, 1.0
25.0, 3.0, 3.0, 4.0, 2.0, 2.0, 2.0, 2.0
42.0, 1.0, 2.0, 4.0, 2.0, 2.0, 2.0, 2.0
35.0, 1.0, 2.0, 4.0, 2.0, 2.0, 2.0, 2.0
14.0, 1.0, 2.0, 4.0, 2.0, 2.0, 2.0, 2.0
16.0, 3.0, 3.0, 4.0, 2.0, 2.0, 2.0, 2.0
21.0, 1.0, 4.0, 4.0, 2.0, 2.0, 2.0, 2.0
21.0, 2.0, 2.0, 4.0, 2.0, 2.0, 2.0, 2.0
43.0, 1.0, 1.0, 4.0, 2.0, 2.0, 2.0, 2.0
15.0, 6.0, 3.0, 4.0, 2.0, 2.0, 2.0, 2.0
23.0, 1.0, 3.0, 4.0, 2.0, 1.0, 2.0, 2.0
26.0, 1.0, 3.0, 4.0, 2.0, 1.0, 2.0, 1.0
33.0, 1.0, 4.0, 4.0, 2.0, 2.0, 2.0, 2.0
13.0, 1.0, 3.0, 4.0, 2.0, 2.0, 2.0, 2.0
35.0, 1.0, 3.0, 4.0, 2.0, 1.0, 2.0, 2.0
27.0, 5.0, 3.0, 4.0, 2.0, 2.0, 2.0, 2.0
31.0, 1.0, 1.0, 4.0, 2.0, 2.0, 1.0, 2.0
23.0, 1.0, 3.0, 4.0, 2.0, 2.0, 2.0, 2.0
28.0, 1.0, 2.0, 3.0, 2.0, 2.0, 2.0, 2.0
14.0, 1.0, 4.0, 4.0, 2.0, 1.0, 2.0, 1.0
12.0, 1.0, 2.0, 4.0, 2.0, 2.0, 2.0, 2.0
33.0, 1.0, 3.0, 4.0, 2.0, 1.0, 1.0, 2.0
13.0, 1.0, 3.0, 4.0, 2.0, 2.0, 2.0, 2.0
13.0, 2.0, 3.0, 4.0, 2.0, 1.0, 1.0, 1.0
41.0, 1.0, 2.0, 4.0, 2.0, 2.0, 2.0, 2.0
33.0, 1.0, 4.0, 4.0, 2.0, 2.0, 2.0, 1.0
35.0, 1.0, 1.0, 4.0, 2.0, 2.0, 2.0, 1.0
33.0, 1.0, 1.0, 4.0, 2.0, 2.0, 2.0, 2.0
52.0, 1.0, 2.0, 4.0, 2.0, 1.0, 2.0, 2.0
14.0, 2.0, 3.0, 4.0, 2.0, 1.0, 1.0, 2.0
11.0, 1.0, 3.0, 4.0, 2.0, 2.0, 2.0, 2.0
42.0, 1.0, 4.0, 4.0, 2.0, 1.0, 2.0, 1.0
11.0, 3.0, 2.0, 4.0, 2.0, 2.0, 2.0, 2.0
43.0, 1.0, 2.0, 4.0, 2.0, 2.0, 1.0, 2.0
42.0, 1.0, 2.0, 4.0, 2.0, 1.0, 2.0, 1.0
52.0, 1.0, 2.0, 4.0, 2.0, 1.0, 1.0, 1.0
41.0, 1.0, 3.0, 4.0, 2.0, 2.0, 2.0, 2.0
31.0, 1.0, 2.0, 4.0, 2.0, 1.0, 2.0, 2.0
33.0, 1.0, 2.0, 4.0, 2.0, 1.0, 2.0, 2.0
11.0, 1.0, 4.0, 4.0, 2.0, 1.0, 1.0, 2.0
42.0, 1.0, 2.0, 4.0, 2.0, 1.0, 2.0, 2.0
35.0, 1.0, 1.0, 4.0, 2.0, 2.0, 2.0, 2.0
22.0, 1.0, 4.0, 4.0, 2.0, 1.0, 2.0, 2.0
26.0, 1.0, 4.0, 4.0, 2.0, 1.0, 1.0, 1.0
21.0, 1.0, 2.0, 4.0, 2.0, 2.0, 2.0, 2.0
31.0, 1.0, 2.0, 4.0, 2.0, 2.0, 2.0, 2.0
32.0, 1.0, 4.0, 4.0, 2.0, 1.0, 2.0, 1.0
12.0, 2.0, 2.0, 4.0, 2.0, 1.0, 2.0, 2.0
14.0, 2.0, 2.0, 4.0, 2.0, 2.0, 2.0, 2.0
33.0, 1.0, 3.0, 4.0, 2.0, 1.0, 2.0, 2.0
41.0, 1.0, 3.0, 4.0, 2.0, 1.0, 2.0, 1.0
32.0, 1.0, 1.0, 4.0, 2.0, 2.0, 2.0, 2.0
17.0, 1.0, 2.0, 4.0, 2.0, 1.0, 2.0, 2.0
15.0, 1.0, 2.0, 4.0, 2.0, 2.0, 2.0, 2.0
51.0, 1.0, 2.0, 4.0, 2.0, 1.0, 2.0, 2.0
23.0, 3.0, 1.0, 4.0, 2.0, 1.0, 2.0, 2.0
29.0, 1.0, 3.0, 4.0, 2.0, 1.0, 2.0, 2.0
13.0, 1.0, 2.0, 4.0, 2.0, 2.0, 2.0, 2.0
43.0, 2.0, 3.0, 4.0, 2.0, 1.0, 2.0, 2.0
32.0, 1.0, 3.0, 4.0, 2.0, 2.0, 2.0, 2.0
23.0, 2.0, 2.0, 4.0, 2.0, 1.0, 2.0, 2.0
15.0, 1.0, 3.0, 4.0, 2.0, 1.0, 2.0, 2.0
35.0, 1.0, 2.0, 4.0, 2.0, 2.0, 2.0, 2.0
29.0, 1.0, 1.0, 4.0, 2.0, 2.0, 2.0, 2.0
43.0, 1.0, 5.0, 4.0, 2.0, 1.0, 2.0, 2.0
35.0, 2.0, 1.0, 4.0, 2.0, 1.0, 2.0, 2.0
41.0, 1.0, 3.0, 4.0, 2.0, 1.0, 2.0, 2.0
43.0, 1.0, 4.0, 4.0, 2.0, 1.0, 1.0, 2.0
15.0, 1.0, 3.0, 4.0, 2.0, 1.0, 2.0, 2.0
41.0, 1.0, 1.0, 4.0, 2.0, 2.0, 2.0, 2.0
28.0, 1.0, 2.0, 4.0, 2.0, 2.0, 2.0, 1.0
42.0, 2.0, 3.0, 4.0, 2.0, 1.0, 2.0, 2.0
16.0, 3.0, 4.0, 4.0, 2.0, 2.0, 2.0, 2.0
13.0, 1.0, 3.0, 4.0, 2.0, 2.0, 2.0, 2.0
14.0, 1.0, 2.0, 4.0, 2.0, 2.0, 2.0, 2.0
35.0, 1.0, 2.0, 4.0, 2.0, 2.0, 2.0, 2.0
33.0, 1.0, 1.0, 4.0, 2.0, 2.0, 2.0, 2.0
52.0, 1.0, 3.0, 4.0, 2.0, 1.0, 1.0, 1.0
35.0, 1.0, 3.0, 4.0, 2.0, 2.0, 2.0, 2.0
14.0, 1.0, 2.0, 4.0, 2.0, 2.0, 2.0, 2.0
35.0, 1.0, 3.0, 4.0, 2.0, 2.0, 2.0, 2.0
27.0, 2.0, 3.0, 4.0, 2.0, 2.0, 2.0, 2.0
22.0, 1.0, 3.0, 4.0, 2.0, 2.0, 2.0, 2.0
41.0, 1.0, 2.0, 4.0, 2.0, 1.0, 2.0, 2.0
32.0, 2.0, 1.0, 4.0, 2.0, 2.0, 2.0, 2.0
41.0, 1.0, 2.0, 4.0, 2.0, 1.0, 2.0, 2.0
43.0, 1.0, 2.0, 4.0, 2.0, 2.0, 2.0, 2.0
23.0, 1.0, 3.0, 4.0, 2.0, 1.0, 2.0, 2.0
22.0, 1.0, 3.0, 4.0, 2.0, 2.0, 2.0, 2.0
21.0, 2.0, 2.0, 4.0, 2.0, 2.0, 2.0, 2.0
43.0, 1.0, 2.0, 4.0, 2.0, 2.0, 2.0, 1.0
24.0, 1.0, 3.0, 4.0, 2.0, 1.0, 2.0, 2.0
51.0, 1.0, 2.0, 4.0, 2.0, 2.0, 1.0, 2.0
50.0, 1.0, 3.0, 4.0, 2.0, 2.0, 2.0, 2.0
21.0, 3.0, 3.0, 4.0, 2.0, 1.0, 2.0, 2.0
35.0, 1.0, 1.0, 4.0, 2.0, 2.0, 2.0, 2.0
41.0, 1.0, 4.0, 4.0, 2.0, 1.0, 1.0, 2.0
51.0, 1.0, 2.0, 4.0, 2.0, 2.0, 2.0, 2.0
23.0, 1.0, 3.0, 4.0, 2.0, 1.0, 2.0, 1.0
53.0, 1.0, 2.0, 4.0, 2.0, 2.0, 1.0, 2.0
15.0, 1.0, 2.0, 4.0, 2.0, 2.0, 2.0, 2.0
21.0, 4.0, 3.0, 4.0, 2.0, 2.0, 2.0, 2.0
43.0, 2.0, 1.0, 4.0, 2.0, 2.0, 2.0, 2.0
42.0, 1.0, 4.0, 4.0, 2.0, 1.0, 1.0, 1.0
28.0, 1.0, 3.0, 4.0, 2.0, 2.0, 2.0, 2.0
32.0, 1.0, 5.0, 4.0, 2.0, 1.0, 1.0, 2.0
41.0, 1.0, 2.0, 4.0, 2.0, 1.0, 1.0, 2.0
24.0, 1.0, 3.0, 4.0, 2.0, 1.0, 2.0, 2.0
31.0, 1.0, 5.0, 4.0, 2.0, 1.0, 2.0, 2.0
42.0, 1.0, 3.0, 4.0, 2.0, 1.0, 2.0, 2.0
35.0, 1.0, 4.0, 4.0, 2.0, 1.0, 2.0, 2.0
42.0, 1.0, 3.0, 4.0, 2.0, 1.0, 2.0, 2.0
13.0, 1.0, 3.0, 4.0, 2.0, 2.0, 2.0, 2.0
14.0, 1.0, 1.0, 4.0, 2.0, 2.0, 2.0, 2.0
12.0, 2.0, 2.0, 4.0, 2.0, 2.0, 2.0, 2.0
29.0, 2.0, 3.0, 4.0, 2.0, 2.0, 2.0, 2.0
35.0, 1.0, 2.0, 4.0, 2.0, 1.0, 2.0, 2.0
33.0, 1.0, 2.0, 4.0, 2.0, 2.0, 2.0, 2.0
33.0, 1.0, 4.0, 4.0, 2.0, 1.0, 2.0, 1.0
41.0, 1.0, 2.0, 4.0, 2.0, 2.0, 2.0, 2.0
35.0, 1.0, 1.0, 4.0, 2.0, 2.0, 2.0, 2.0
25.0, 1.0, 2.0, 4.0, 2.0, 2.0, 2.0, 2.0
43.0, 1.0, 4.0, 4.0, 2.0, 1.0, 2.0, 2.0
33.0, 2.0, 4.0, 4.0, 2.0, 2.0, 2.0, 2.0
42.0, 1.0, 3.0, 4.0, 2.0, 1.0, 2.0, 2.0
17.0, 3.0, 3.0, 4.0, 2.0, 2.0, 2.0, 2.0
15.0, 1.0, 2.0, 4.0, 2.0, 2.0, 2.0, 2.0
26.0, 1.0, 2.0, 4.0, 2.0, 2.0, 2.0, 2.0
26.0, 1.0, 2.0, 4.0, 2.0, 2.0, 2.0, 2.0
14.0, 1.0, 3.0, 4.0, 2.0, 1.0, 2.0, 2.0
41.0, 1.0, 4.0, 4.0, 2.0, 1.0, 2.0, 2.0
33.0, 1.0, 2.0, 4.0, 2.0, 2.0, 2.0, 2.0
26.0, 1.0, 3.0, 4.0, 2.0, 2.0, 1.0, 2.0
42.0, 1.0, 3.0, 4.0, 2.0, 1.0, 2.0, 1.0
24.0, 1.0, 4.0, 4.0, 1.0, 1.0, 1.0, 2.0
42.0, 2.0, 3.0, 4.0, 2.0, 1.0, 2.0, 2.0
25.0, 6.0, 3.0, 4.0, 2.0, 2.0, 2.0, 2.0
32.0, 1.0, 2.0, 4.0, 2.0, 1.0, 2.0, 2.0
35.0, 1.0, 2.0, 4.0, 2.0, 1.0, 1.0, 1.0
15.0, 2.0, 3.0, 4.0, 2.0, 2.0, 2.0, 2.0
42.0, 1.0, 5.0, 4.0, 2.0, 1.0, 1.0, 1.0
52.0, 1.0, 2.0, 4.0, 2.0, 1.0, 2.0, 2.0
42.0, 1.0, 1.0, 4.0, 2.0, 2.0, 2.0, 2.0
15.0, 2.0, 3.0, 4.0, 2.0, 1.0, 2.0, 2.0
17.0, 2.0, 3.0, 4.0, 2.0, 1.0, 2.0, 2.0
32.0, 1.0, 2.0, 4.0, 2.0, 2.0, 2.0, 2.0
14.0, 1.0, 2.0, 4.0, 2.0, 2.0, 2.0, 2.0
29.0, 3.0, 4.0, 4.0, 2.0, 2.0, 2.0, 2.0
13.0, 5.0, 2.0, 4.0, 2.0, 2.0, 2.0, 2.0
32.0, 3.0, 5.0, 4.0, 2.0, 2.0, 1.0, 1.0
11.0, 1.0, 3.0, 4.0, 2.0, 1.0, 2.0, 2.0
33.0, 1.0, 3.0, 4.0, 2.0, 1.0, 1.0, 1.0
51.0, 1.0, 3.0, 4.0, 2.0, 1.0, 2.0, 2.0
29.0, 1.0, 3.0, 4.0, 2.0, 2.0, 2.0, 2.0
41.0, 1.0, 3.0, 4.0, 2.0, 1.0, 2.0, 2.0
50.0, 1.0, 2.0, 4.0, 2.0, 2.0, 2.0, 2.0
11.0, 3.0, 3.0, 4.0, 2.0, 1.0, 2.0, 2.0
14.0, 3.0, 2.0, 4.0, 2.0, 2.0, 1.0, 2.0
33.0, 1.0, 1.0, 4.0, 2.0, 2.0, 2.0, 2.0
43.0, 1.0, 1.0, 4.0, 2.0, 2.0, 2.0, 2.0
25.0, 1.0, 3.0, 4.0, 2.0, 2.0, 2.0, 2.0
33.0, 1.0, 2.0, 4.0, 2.0, 1.0, 2.0, 2.0
31.0, 1.0, 4.0, 4.0, 2.0, 1.0, 1.0, 2.0
52.0, 1.0, 3.0, 4.0, 2.0, 2.0, 1.0, 2.0
28.0, 1.0, 4.0, 4.0, 2.0, 2.0, 2.0, 1.0
14.0, 2.0, 2.0, 4.0, 2.0, 1.0, 2.0, 2.0
35.0, 1.0, 1.0, 4.0, 2.0, 1.0, 2.0, 2.0
23.0, 1.0, 3.0, 4.0, 2.0, 1.0, 2.0, 2.0
33.0, 1.0, 2.0, 4.0, 2.0, 2.0, 2.0, 2.0
13.0, 4.0, 2.0, 4.0, 2.0, 2.0, 2.0, 2.0
53.0, 1.0, 2.0, 4.0, 2.0, 1.0, 2.0, 2.0
43.0, 2.0, 1.0, 4.0, 2.0, 2.0, 2.0, 2.0
11.0, 1.0, 4.0, 4.0, 2.0, 1.0, 2.0, 2.0
41.0, 1.0, 2.0, 4.0, 2.0, 1.0, 2.0, 2.0
17.0, 1.0, 3.0, 4.0, 2.0, 1.0, 2.0, 2.0
11.0, 1.0, 3.0, 4.0, 2.0, 2.0, 2.0, 2.0
35.0, 3.0, 3.0, 4.0, 2.0, 2.0, 1.0, 2.0
51.0, 4.0, 3.0, 4.0, 2.0, 1.0, 1.0, 2.0
28.0, 1.0, 3.0, 4.0, 2.0, 2.0, 2.0, 2.0
15.0, 1.0, 3.0, 4.0, 2.0, 2.0, 2.0, 2.0
35.0, 3.0, 3.0, 4.0, 2.0, 1.0, 2.0, 1.0
27.0, 1.0, 4.0, 4.0, 2.0, 1.0, 1.0, 1.0
31.0, 1.0, 2.0, 4.0, 2.0, 2.0, 2.0, 2.0
31.0, 1.0, 2.0, 4.0, 2.0, 1.0, 2.0, 2.0
17.0, 1.0, 4.0, 4.0, 2.0, 1.0, 2.0, 2.0
53.0, 1.0, 2.0, 4.0, 2.0, 1.0, 2.0, 2.0
22.0, 2.0, 3.0, 4.0, 2.0, 1.0, 2.0, 1.0
41.0, 1.0, 1.0, 4.0, 2.0, 1.0, 2.0, 2.0
15.0, 2.0, 1.0, 4.0, 2.0, 2.0, 2.0, 2.0
25.0, 1.0, 3.0, 4.0, 2.0, 2.0, 2.0, 2.0
22.0, 1.0, 2.0, 4.0, 2.0, 2.0, 2.0, 2.0
50.0, 1.0, 2.0, 4.0, 2.0, 1.0, 2.0, 2.0
15.0, 6.0, 3.0, 4.0, 2.0, 2.0, 2.0, 2.0
29.0, 1.0, 3.0, 4.0, 2.0, 1.0, 2.0, 2.0
15.0, 1.0, 4.0, 4.0, 2.0, 1.0, 2.0, 2.0
25.0, 1.0, 3.0, 4.0, 2.0, 1.0, 2.0, 2.0
41.0, 1.0, 4.0, 4.0, 2.0, 1.0, 2.0, 2.0
15.0, 3.0, 3.0, 4.0, 2.0, 2.0, 2.0, 2.0
26.0, 1.0, 3.0, 4.0, 2.0, 1.0, 2.0, 2.0
25.0, 1.0, 2.0, 4.0, 2.0, 2.0, 2.0, 2.0
33.0, 1.0, 2.0, 4.0, 2.0, 2.0, 2.0, 2.0
15.0, 6.0, 2.0, 4.0, 2.0, 2.0, 2.0, 2.0
33.0, 1.0, 2.0, 4.0, 2.0, 2.0, 2.0, 2.0
29.0, 1.0, 5.0, 4.0, 2.0, 1.0, 2.0, 1.0
52.0, 1.0, 3.0, 3.0, 2.0, 1.0, 2.0, 1.0
24.0, 3.0, 4.0, 4.0, 2.0, 1.0, 2.0, 2.0
31.0, 1.0, 3.0, 4.0, 2.0, 1.0, 1.0, 2.0
42.0, 1.0, 2.0, 4.0, 2.0, 2.0, 2.0, 2.0
21.0, 1.0, 3.0, 4.0, 2.0, 2.0, 1.0, 2.0
17.0, 1.0, 1.0, 4.0, 2.0, 2.0, 2.0, 2.0
35.0, 1.0, 2.0, 4.0, 2.0, 1.0, 2.0, 2.0
24.0, 1.0, 2.0, 4.0, 2.0, 2.0, 2.0, 2.0
42.0, 1.0, 3.0, 4.0, 2.0, 1.0, 2.0, 2.0
52.0, 2.0, 2.0, 4.0, 2.0, 1.0, 2.0, 2.0
23.0, 1.0, 2.0, 4.0, 2.0, 2.0, 2.0, 2.0
32.0, 1.0, 2.0, 4.0, 2.0, 1.0, 2.0, 2.0
25.0, 1.0, 3.0, 4.0, 2.0, 2.0, 1.0, 2.0
15.0, 1.0, 3.0, 4.0, 2.0, 1.0, 2.0, 1.0
43.0, 1.0, 3.0, 4.0, 2.0, 2.0, 2.0, 2.0
35.0, 1.0, 3.0, 4.0, 2.0, 2.0, 2.0, 2.0
25.0, 2.0, 3.0, 4.0, 2.0, 1.0, 2.0, 1.0
35.0, 1.0, 3.0, 4.0, 2.0, 1.0, 2.0, 2.0
17.0, 4.0, 3.0, 4.0, 2.0, 2.0, 2.0, 2.0
31.0, 1.0, 3.0, 4.0, 2.0, 1.0, 2.0, 1.0
23.0, 1.0, 4.0, 4.0, 2.0, 2.0, 2.0, 2.0
22.0, 1.0, 4.0, 4.0, 2.0, 1.0, 2.0, 2.0
25.0, 1.0, 2.0, 4.0, 2.0, 1.0, 2.0, 2.0
14.0, 1.0, 3.0, 4.0, 2.0, 1.0, 2.0, 2.0
33.0, 1.0, 3.0, 4.0, 2.0, 2.0, 1.0, 2.0
35.0, 1.0, 1.0, 4.0, 2.0, 2.0, 2.0, 2.0
14.0, 2.0, 2.0, 4.0, 2.0, 1.0, 2.0, 2.0
14.0, 1.0, 2.0, 4.0, 2.0, 2.0, 2.0, 2.0
51.0, 1.0, 2.0, 4.0, 2.0, 2.0, 2.0, 2.0
53.0, 1.0, 1.0, 4.0, 2.0, 2.0, 2.0, 2.0
27.0, 1.0, 2.0, 4.0, 2.0, 2.0, 2.0, 2.0
29.0, 1.0, 1.0, 4.0, 2.0, 2.0, 2.0, 2.0
53.0, 1.0, 2.0, 4.0, 2.0, 2.0, 2.0, 1.0
51.0, 2.0, 1.0, 4.0, 2.0, 1.0, 2.0, 2.0
33.0, 1.0, 2.0, 4.0, 2.0, 1.0, 2.0, 2.0
42.0, 1.0, 2.0, 4.0, 2.0, 2.0, 2.0, 2.0
32.0, 1.0, 2.0, 4.0, 2.0, 2.0, 2.0, 2.0
21.0, 2.0, 4.0, 4.0, 2.0, 1.0, 2.0, 2.0
24.0, 1.0, 3.0, 4.0, 2.0, 2.0, 1.0, 2.0
42.0, 1.0, 2.0, 4.0, 2.0, 2.0, 2.0, 2.0
52.0, 2.0, 1.0, 4.0, 2.0, 2.0, 2.0, 2.0
33.0, 1.0, 2.0, 4.0, 2.0, 2.0, 2.0, 2.0
41.0, 2.0, 3.0, 4.0, 2.0, 1.0, 1.0, 1.0
51.0, 1.0, 5.0, 4.0, 2.0, 2.0, 2.0, 2.0
26.0, 1.0, 2.0, 4.0, 2.0, 2.0, 2.0, 2.0
31.0, 1.0, 3.0, 4.0, 2.0, 2.0, 2.0, 2.0
43.0, 1.0, 3.0, 4.0, 2.0, 2.0, 2.0, 2.0
31.0, 1.0, 3.0, 4.0, 2.0, 1.0, 2.0, 2.0
52.0, 1.0, 2.0, 4.0, 2.0, 2.0, 2.0, 2.0
28.0, 1.0, 2.0, 4.0, 2.0, 2.0, 2.0, 2.0
24.0, 6.0, 3.0, 4.0, 2.0, 1.0, 2.0, 2.0
23.0, 1.0, 3.0, 4.0, 2.0, 1.0, 2.0, 2.0
17.0, 1.0, 3.0, 4.0, 2.0, 2.0, 2.0, 2.0
23.0, 1.0, 3.0, 4.0, 2.0, 2.0, 2.0, 2.0
17.0, 3.0, 2.0, 4.0, 2.0, 2.0, 2.0, 2.0
50.0, 1.0, 3.0, 4.0, 2.0, 1.0, 2.0, 2.0
42.0, 1.0, 3.0, 4.0, 2.0, 2.0, 2.0, 1.0
12.0, 1.0, 2.0, 4.0, 2.0, 2.0, 2.0, 2.0
41.0, 1.0, 3.0, 4.0, 2.0, 1.0, 1.0, 1.0
33.0, 4.0, 2.0, 4.0, 2.0, 1.0, 2.0, 1.0
23.0, 1.0, 3.0, 4.0, 2.0, 2.0, 2.0, 2.0
23.0, 1.0, 2.0, 4.0, 1.0, 1.0, 2.0, 2.0
33.0, 1.0, 3.0, 4.0, 2.0, 2.0, 2.0, 2.0
23.0, 3.0, 4.0, 4.0, 2.0, 1.0, 1.0, 2.0
50.0, 1.0, 2.0, 3.0, 2.0, 2.0, 1.0, 2.0
32.0, 1.0, 2.0, 4.0, 2.0, 2.0, 2.0, 2.0
11.0, 3.0, 4.0, 4.0, 2.0, 1.0, 2.0, 1.0
41.0, 1.0, 4.0, 4.0, 2.0, 1.0, 1.0, 1.0
15.0, 1.0, 2.0, 4.0, 2.0, 1.0, 2.0, 2.0
21.0, 1.0, 3.0, 4.0, 2.0, 1.0, 2.0, 2.0
43.0, 1.0, 3.0, 4.0, 2.0, 2.0, 2.0, 2.0
32.0, 2.0, 1.0, 4.0, 2.0, 1.0, 2.0, 2.0
41.0, 1.0, 2.0, 4.0, 2.0, 1.0, 2.0, 2.0
21.0, 2.0, 4.0, 4.0, 2.0, 1.0, 2.0, 2.0
35.0, 1.0, 2.0, 4.0, 2.0, 1.0, 2.0, 2.0
29.0, 1.0, 3.0, 4.0, 2.0, 2.0, 2.0, 2.0
15.0, 1.0, 3.0, 4.0, 2.0, 1.0, 1.0, 2.0
28.0, 1.0, 3.0, 4.0, 2.0, 2.0, 2.0, 2.0
23.0, 1.0, 2.0, 4.0, 2.0, 1.0, 1.0, 2.0
32.0, 1.0, 3.0, 4.0, 2.0, 1.0, 2.0, 2.0
15.0, 3.0, 3.0, 4.0, 2.0, 2.0, 1.0, 2.0
22.0, 1.0, 2.0, 4.0, 2.0, 2.0, 2.0, 2.0
29.0, 1.0, 3.0, 4.0, 2.0, 1.0, 2.0, 1.0
15.0, 1.0, 3.0, 4.0, 2.0, 1.0, 2.0, 2.0
14.0, 1.0, 4.0, 4.0, 2.0, 1.0, 2.0, 2.0
28.0, 1.0, 2.0, 4.0, 2.0, 1.0, 2.0, 2.0
21.0, 1.0, 3.0, 4.0, 2.0, 1.0, 2.0, 2.0
33.0, 1.0, 2.0, 4.0, 2.0, 1.0, 1.0, 1.0
35.0, 1.0, 2.0, 4.0, 2.0, 2.0, 2.0, 2.0
13.0, 3.0, 3.0, 4.0, 2.0, 2.0, 2.0, 2.0
16.0, 3.0, 2.0, 4.0, 2.0, 2.0, 2.0, 2.0
23.0, 1.0, 4.0, 4.0, 2.0, 1.0, 1.0, 2.0
42.0, 1.0, 2.0, 4.0, 2.0, 2.0, 2.0, 2.0
21.0, 1.0, 2.0, 4.0, 2.0, 2.0, 1.0, 2.0
25.0, 1.0, 1.0, 4.0, 2.0, 2.0, 2.0, 2.0
23.0, 1.0, 3.0, 4.0, 2.0, 2.0, 2.0, 2.0
21.0, 1.0, 2.0, 4.0, 2.0, 2.0, 2.0, 2.0
33.0, 1.0, 3.0, 4.0, 2.0, 1.0, 2.0, 2.0
35.0, 1.0, 3.0, 4.0, 2.0, 1.0, 1.0, 2.0
17.0, 1.0, 3.0, 4.0, 2.0, 1.0, 1.0, 2.0
17.0, 1.0, 2.0, 4.0, 2.0, 2.0, 2.0, 2.0
31.0, 1.0, 3.0, 4.0, 2.0, 1.0, 2.0, 2.0
41.0, 1.0, 3.0, 4.0, 2.0, 1.0, 2.0, 2.0
27.0, 3.0, 3.0, 4.0, 2.0, 1.0, 2.0, 2.0
14.0, 1.0, 4.0, 4.0, 2.0, 2.0, 2.0, 2.0
29.0, 1.0, 1.0, 4.0, 2.0, 2.0, 2.0, 2.0
16.0, 1.0, 3.0, 4.0, 2.0, 2.0, 1.0, 1.0
31.0, 1.0, 1.0, 4.0, 2.0, 1.0, 2.0, 2.0
11.0, 3.0, 3.0, 4.0, 2.0, 1.0, 2.0, 2.0
50.0, 1.0, 2.0, 4.0, 2.0, 2.0, 2.0, 2.0
26.0, 1.0, 2.0, 4.0, 2.0, 1.0, 1.0, 2.0
22.0, 2.0, 2.0, 4.0, 2.0, 2.0, 2.0, 2.0
11.0, 2.0, 4.0, 4.0, 2.0, 1.0, 2.0, 2.0
52.0, 2.0, 4.0, 4.0, 2.0, 1.0, 1.0, 2.0
41.0, 1.0, 3.0, 4.0, 2.0, 1.0, 1.0, 2.0
29.0, 1.0, 3.0, 4.0, 2.0, 1.0, 2.0, 2.0
21.0, 1.0, 4.0, 4.0, 2.0, 1.0, 2.0, 2.0
43.0, 1.0, 4.0, 4.0, 2.0, 1.0, 2.0, 2.0
29.0, 1.0, 5.0, 4.0, 2.0, 1.0, 1.0, 2.0
21.0, 1.0, 4.0, 4.0, 2.0, 1.0, 2.0, 2.0
41.0, 1.0, 4.0, 4.0, 2.0, 1.0, 2.0, 2.0
25.0, 6.0, 3.0, 4.0, 2.0, 2.0, 2.0, 2.0
51.0, 1.0, 1.0, 4.0, 2.0, 1.0, 2.0, 2.0
31.0, 1.0, 3.0, 4.0, 2.0, 2.0, 2.0, 2.0
17.0, 1.0, 2.0, 4.0, 2.0, 2.0, 2.0, 2.0
27.0, 1.0, 3.0, 4.0, 2.0, 2.0, 2.0, 2.0
15.0, 1.0, 3.0, 4.0, 2.0, 2.0, 2.0, 2.0
33.0, 1.0, 3.0, 4.0, 2.0, 2.0, 2.0, 2.0
35.0, 1.0, 3.0, 4.0, 2.0, 1.0, 2.0, 2.0
41.0, 1.0, 3.0, 4.0, 2.0, 2.0, 2.0, 2.0
13.0, 3.0, 1.0, 4.0, 2.0, 2.0, 2.0, 2.0
52.0, 1.0, 2.0, 4.0, 2.0, 2.0, 2.0, 2.0
33.0, 1.0, 1.0, 4.0, 2.0, 2.0, 2.0, 2.0
14.0, 1.0, 2.0, 4.0, 2.0, 2.0, 2.0, 2.0
21.0, 1.0, 3.0, 4.0, 2.0, 1.0, 2.0, 2.0
32.0, 1.0, 4.0, 4.0, 2.0, 1.0, 2.0, 2.0
41.0, 1.0, 2.0, 4.0, 2.0, 2.0, 2.0, 2.0
31.0, 4.0, 2.0, 4.0, 2.0, 2.0, 2.0, 2.0
21.0, 1.0, 2.0, 4.0, 2.0, 2.0, 2.0, 2.0
14.0, 1.0, 3.0, 4.0, 2.0, 2.0, 2.0, 2.0
23.0, 1.0, 3.0, 4.0, 2.0, 1.0, 1.0, 2.0
52.0, 1.0, 2.0, 4.0, 2.0, 2.0, 2.0, 2.0
25.0, 1.0, 2.0, 4.0, 2.0, 2.0, 2.0, 2.0
13.0, 1.0, 2.0, 4.0, 2.0, 2.0, 2.0, 2.0
32.0, 1.0, 2.0, 4.0, 2.0, 1.0, 2.0, 2.0
11.0, 2.0, 2.0, 4.0, 2.0, 2.0, 2.0, 2.0
31.0, 1.0, 2.0, 4.0, 2.0, 1.0, 2.0, 2.0
26.0, 1.0, 3.0, 4.0, 2.0, 1.0, 2.0, 1.0
21.0, 1.0, 3.0, 4.0, 2.0, 2.0, 2.0, 2.0
31.0, 1.0, 3.0, 4.0, 2.0, 1.0, 1.0, 1.0
29.0, 1.0, 1.0, 4.0, 2.0, 2.0, 2.0, 2.0
29.0, 1.0, 3.0, 4.0, 2.0, 2.0, 2.0, 2.0
31.0, 3.0, 4.0, 4.0, 2.0, 1.0, 2.0, 2.0
12.0, 3.0, 3.0, 4.0, 2.0, 2.0, 2.0, 2.0
23.0, 1.0, 2.0, 4.0, 2.0, 2.0, 2.0, 2.0
53.0, 1.0, 2.0, 4.0, 2.0, 2.0, 2.0, 1.0
21.0, 1.0, 5.0, 4.0, 2.0, 1.0, 2.0, 2.0
12.0, 1.0, 1.0, 1.0, 2.0, 2.0, 2.0, 2.0
51.0, 1.0, 2.0, 4.0, 2.0, 1.0, 2.0, 2.0
14.0, 1.0, 2.0, 4.0, 2.0, 1.0, 2.0, 2.0
24.0, 1.0, 2.0, 4.0, 2.0, 2.0, 2.0, 2.0
13.0, 6.0, 2.0, 4.0, 2.0, 1.0, 2.0, 2.0
29.0, 1.0, 2.0, 4.0, 2.0, 2.0, 2.0, 2.0
35.0, 1.0, 3.0, 4.0, 2.0, 2.0, 2.0, 2.0
11.0, 3.0, 2.0, 4.0, 2.0, 1.0, 2.0, 2.0
52.0, 1.0, 3.0, 4.0, 2.0, 1.0, 2.0, 2.0
41.0, 1.0, 4.0, 4.0, 2.0, 2.0, 2.0, 2.0
15.0, 2.0, 3.0, 4.0, 2.0, 1.0, 1.0, 1.0
28.0, 1.0, 4.0, 4.0, 2.0, 1.0, 2.0, 1.0
35.0, 1.0, 4.0, 4.0, 2.0, 1.0, 2.0, 2.0
31.0, 1.0, 3.0, 4.0, 2.0, 2.0, 2.0, 2.0
29.0, 1.0, 3.0, 4.0, 2.0, 2.0, 2.0, 2.0
14.0, 1.0, 4.0, 4.0, 2.0, 1.0, 1.0, 2.0
52.0, 3.0, 4.0, 4.0, 2.0, 1.0, 2.0, 2.0
43.0, 1.0, 4.0, 4.0, 2.0, 2.0, 2.0, 2.0
35.0, 1.0, 4.0, 4.0, 2.0, 2.0, 2.0, 2.0
41.0, 1.0, 2.0, 4.0, 2.0, 2.0, 2.0, 2.0
26.0, 1.0, 3.0, 4.0, 2.0, 2.0, 2.0, 2.0
27.0, 2.0, 3.0, 4.0, 2.0, 1.0, 2.0, 2.0
43.0, 1.0, 2.0, 4.0, 2.0, 2.0, 1.0, 2.0
41.0, 2.0, 2.0, 4.0, 2.0, 2.0, 2.0, 2.0
50.0, 1.0, 2.0, 4.0, 2.0, 2.0, 2.0, 2.0
33.0, 1.0, 2.0, 4.0, 2.0, 1.0, 2.0, 2.0
35.0, 1.0, 3.0, 4.0, 2.0, 2.0, 2.0, 1.0
41.0, 1.0, 4.0, 4.0, 2.0, 2.0, 1.0, 2.0
31.0, 1.0, 2.0, 4.0, 2.0, 2.0, 2.0, 2.0
28.0, 3.0, 2.0, 4.0, 2.0, 2.0, 2.0, 2.0
24.0, 1.0, 2.0, 4.0, 2.0, 1.0, 2.0, 2.0
33.0, 1.0, 3.0, 4.0, 2.0, 1.0, 2.0, 2.0
29.0, 1.0, 3.0, 4.0, 2.0, 2.0, 2.0, 2.0
53.0, 1.0, 2.0, 4.0, 2.0, 2.0, 1.0, 2.0
42.0, 2.0, 2.0, 4.0, 2.0, 1.0, 2.0, 2.0
42.0, 4.0, 3.0, 4.0, 2.0, 1.0, 2.0, 2.0
17.0, 1.0, 2.0, 4.0, 2.0, 2.0, 2.0, 2.0
32.0, 1.0, 2.0, 4.0, 2.0, 2.0, 2.0, 2.0
29.0, 1.0, 3.0, 4.0, 2.0, 2.0, 2.0, 2.0
26.0, 1.0, 2.0, 4.0, 2.0, 2.0, 2.0, 2.0
32.0, 1.0, 3.0, 4.0, 2.0, 1.0, 2.0, 1.0
24.0, 1.0, 2.0, 4.0, 2.0, 1.0, 2.0, 2.0
26.0, 1.0, 2.0, 4.0, 2.0, 2.0, 2.0, 2.0
52.0, 1.0, 2.0, 4.0, 2.0, 1.0, 1.0, 2.0
13.0, 6.0, 2.0, 4.0, 2.0, 1.0, 2.0, 2.0
11.0, 2.0, 4.0, 4.0, 2.0, 1.0, 2.0, 1.0
26.0, 3.0, 5.0, 4.0, 2.0, 1.0, 2.0, 1.0
28.0, 1.0, 3.0, 4.0, 2.0, 1.0, 2.0, 2.0
33.0, 1.0, 3.0, 4.0, 2.0, 1.0, 1.0, 2.0
13.0, 1.0, 3.0, 4.0, 2.0, 1.0, 2.0, 2.0
31.0, 1.0, 3.0, 4.0, 2.0, 1.0, 2.0, 2.0
22.0, 1.0, 3.0, 4.0, 2.0, 1.0, 2.0, 1.0
33.0, 1.0, 2.0, 4.0, 2.0, 1.0, 2.0, 2.0
13.0, 3.0, 2.0, 4.0, 2.0, 2.0, 2.0, 2.0
21.0, 1.0, 3.0, 4.0, 2.0, 2.0, 2.0, 2.0
31.0, 4.0, 3.0, 4.0, 2.0, 1.0, 1.0, 2.0
11.0, 3.0, 3.0, 4.0, 2.0, 1.0, 2.0, 2.0
53.0, 1.0, 4.0, 4.0, 2.0, 1.0, 1.0, 2.0
35.0, 1.0, 2.0, 4.0, 2.0, 1.0, 2.0, 1.0
43.0, 1.0, 2.0, 4.0, 2.0, 1.0, 1.0, 2.0
23.0, 1.0, 3.0, 4.0, 2.0, 1.0, 2.0, 2.0
13.0, 1.0, 3.0, 4.0, 2.0, 2.0, 2.0, 2.0
12.0, 1.0, 2.0, 4.0, 2.0, 1.0, 2.0, 2.0
53.0, 1.0, 4.0, 4.0, 2.0, 2.0, 2.0, 2.0
14.0, 1.0, 4.0, 4.0, 2.0, 1.0, 2.0, 2.0
23.0, 1.0, 3.0, 4.0, 2.0, 1.0, 2.0, 2.0
43.0, 2.0, 3.0, 4.0, 2.0, 1.0, 2.0, 2.0
21.0, 1.0, 3.0, 4.0, 2.0, 1.0, 2.0, 2.0
17.0, 1.0, 1.0, 4.0, 2.0, 1.0, 2.0, 2.0
50.0, 3.0, 3.0, 4.0, 2.0, 1.0, 2.0, 2.0
23.0, 3.0, 2.0, 4.0, 2.0, 2.0, 2.0, 2.0
13.0, 1.0, 1.0, 4.0, 2.0, 2.0, 2.0, 2.0
35.0, 1.0, 2.0, 4.0, 2.0, 1.0, 1.0, 2.0
43.0, 1.0, 3.0, 4.0, 2.0, 1.0, 2.0, 2.0
25.0, 1.0, 3.0, 4.0, 2.0, 2.0, 2.0, 2.0
29.0, 1.0, 2.0, 4.0, 2.0, 2.0, 2.0, 2.0
13.0, 1.0, 2.0, 4.0, 2.0, 2.0, 2.0, 2.0
14.0, 1.0, 2.0, 4.0, 2.0, 2.0, 2.0, 2.0
23.0, 2.0, 3.0, 4.0, 2.0, 1.0, 2.0, 2.0
28.0, 1.0, 4.0, 4.0, 2.0, 1.0, 2.0, 2.0
21.0, 1.0, 3.0, 4.0, 2.0, 1.0, 2.0, 2.0
31.0, 1.0, 2.0, 4.0, 2.0, 1.0, 2.0, 2.0
23.0, 1.0, 3.0, 4.0, 2.0, 2.0, 2.0, 2.0
35.0, 1.0, 2.0, 4.0, 2.0, 2.0, 2.0, 2.0
25.0, 2.0, 2.0, 4.0, 2.0, 2.0, 2.0, 2.0
28.0, 1.0, 3.0, 4.0, 2.0, 1.0, 2.0, 2.0
52.0, 1.0, 2.0, 4.0, 2.0, 2.0, 2.0, 2.0
31.0, 1.0, 3.0, 4.0, 2.0, 1.0, 2.0, 2.0
17.0, 1.0, 1.0, 4.0, 2.0, 2.0, 2.0, 2.0
51.0, 1.0, 1.0, 4.0, 2.0, 2.0, 2.0, 2.0
51.0, 1.0, 2.0, 4.0, 2.0, 2.0, 2.0, 2.0
26.0, 5.0, 3.0, 4.0, 2.0, 2.0, 2.0, 2.0
43.0, 2.0, 3.0, 4.0, 2.0, 1.0, 2.0, 2.0
52.0, 1.0, 4.0, 4.0, 2.0, 2.0, 1.0, 1.0
13.0, 2.0, 3.0, 4.0, 2.0, 1.0, 2.0, 2.0
32.0, 1.0, 3.0, 4.0, 2.0, 1.0, 1.0, 2.0
14.0, 1.0, 3.0, 4.0, 2.0, 1.0, 1.0, 2.0
32.0, 1.0, 3.0, 4.0, 2.0, 1.0, 2.0, 2.0
35.0, 1.0, 2.0, 4.0, 2.0, 2.0, 2.0, 2.0
29.0, 1.0, 2.0, 4.0, 2.0, 2.0, 2.0, 2.0
22.0, 2.0, 2.0, 4.0, 2.0, 1.0, 2.0, 1.0
25.0, 1.0, 2.0, 4.0, 2.0, 2.0, 2.0, 1.0
11.0, 3.0, 3.0, 4.0, 2.0, 2.0, 2.0, 2.0
24.0, 1.0, 2.0, 4.0, 2.0, 1.0, 2.0, 2.0
23.0, 1.0, 2.0, 4.0, 2.0, 2.0, 2.0, 2.0
23.0, 1.0, 2.0, 4.0, 2.0, 2.0, 2.0, 2.0
23.0, 4.0, 3.0, 4.0, 2.0, 2.0, 2.0, 2.0
53.0, 1.0, 2.0, 4.0, 2.0, 2.0, 2.0, 2.0
35.0, 2.0, 2.0, 4.0, 2.0, 1.0, 2.0, 2.0
52.0, 1.0, 2.0, 4.0, 2.0, 1.0, 1.0, 2.0
13.0, 1.0, 2.0, 4.0, 2.0, 2.0, 2.0, 2.0
33.0, 3.0, 3.0, 4.0, 2.0, 1.0, 2.0, 2.0
14.0, 1.0, 3.0, 4.0, 2.0, 1.0, 2.0, 2.0
26.0, 1.0, 3.0, 4.0, 2.0, 2.0, 2.0, 2.0
12.0, 2.0, 3.0, 4.0, 2.0, 1.0, 2.0, 2.0
31.0, 1.0, 1.0, 4.0, 2.0, 2.0, 2.0, 2.0
14.0, 2.0, 3.0, 4.0, 2.0, 1.0, 2.0, 2.0
17.0, 1.0, 4.0, 4.0, 2.0, 1.0, 2.0, 2.0
52.0, 1.0, 3.0, 4.0, 2.0, 2.0, 2.0, 2.0
13.0, 1.0, 4.0, 4.0, 2.0, 1.0, 2.0, 2.0
51.0, 1.0, 3.0, 4.0, 2.0, 2.0, 2.0, 2.0
29.0, 1.0, 1.0, 4.0, 2.0, 1.0, 1.0, 2.0
13.0, 3.0, 4.0, 4.0, 1.0, 1.0, 2.0, 2.0
23.0, 1.0, 3.0, 4.0, 2.0, 2.0, 2.0, 2.0
35.0, 1.0, 2.0, 4.0, 2.0, 2.0, 2.0, 2.0
27.0, 2.0, 2.0, 4.0, 2.0, 2.0, 2.0, 2.0
31.0, 1.0, 4.0, 4.0, 2.0, 2.0, 1.0, 1.0
25.0, 1.0, 3.0, 4.0, 2.0, 2.0, 2.0, 2.0
16.0, 1.0, 3.0, 4.0, 2.0, 1.0, 2.0, 2.0
15.0, 1.0, 2.0, 4.0, 2.0, 1.0, 2.0, 2.0
41.0, 1.0, 4.0, 4.0, 1.0, 1.0, 2.0, 2.0
35.0, 1.0, 5.0, 4.0, 2.0, 1.0, 2.0, 1.0
14.0, 2.0, 3.0, 4.0, 2.0, 1.0, 2.0, 2.0
13.0, 6.0, 3.0, 4.0, 2.0, 1.0, 2.0, 2.0
15.0, 3.0, 3.0, 4.0, 2.0, 2.0, 2.0, 2.0
21.0, 2.0, 2.0, 4.0, 2.0, 2.0, 2.0, 2.0
33.0, 1.0, 4.0, 4.0, 2.0, 1.0, 2.0, 1.0
29.0, 1.0, 3.0, 4.0, 2.0, 1.0, 1.0, 2.0
42.0, 1.0, 4.0, 4.0, 2.0, 1.0, 2.0, 2.0
26.0, 5.0, 3.0, 4.0, 2.0, 2.0, 2.0, 2.0
42.0, 1.0, 2.0, 4.0, 2.0, 1.0, 2.0, 1.0
13.0, 1.0, 1.0, 4.0, 2.0, 2.0, 1.0, 2.0
15.0, 3.0, 3.0, 4.0, 2.0, 1.0, 2.0, 2.0
21.0, 1.0, 4.0, 4.0, 2.0, 1.0, 2.0, 2.0
43.0, 1.0, 2.0, 4.0, 2.0, 2.0, 2.0, 2.0
26.0, 1.0, 3.0, 4.0, 2.0, 1.0, 2.0, 2.0
11.0, 3.0, 3.0, 4.0, 2.0, 2.0, 2.0, 2.0
35.0, 1.0, 2.0, 4.0, 2.0, 1.0, 2.0, 2.0
28.0, 1.0, 3.0, 4.0, 2.0, 2.0, 2.0, 2.0
33.0, 2.0, 2.0, 4.0, 2.0, 2.0, 2.0, 2.0
35.0, 1.0, 3.0, 4.0, 2.0, 2.0, 2.0, 2.0
14.0, 1.0, 3.0, 4.0, 2.0, 1.0, 1.0, 1.0
25.0, 1.0, 3.0, 4.0, 2.0, 2.0, 1.0, 2.0
35.0, 3.0, 2.0, 4.0, 2.0, 1.0, 2.0, 2.0
33.0, 1.0, 3.0, 4.0, 2.0, 1.0, 2.0, 1.0
16.0, 1.0, 2.0, 4.0, 2.0, 2.0, 2.0, 2.0
26.0, 1.0, 1.0, 4.0, 2.0, 2.0, 2.0, 2.0
25.0, 1.0, 3.0, 4.0, 2.0, 2.0, 2.0, 2.0
14.0, 1.0, 2.0, 4.0, 2.0, 1.0, 2.0, 2.0
26.0, 2.0, 2.0, 4.0, 2.0, 1.0, 2.0, 2.0
13.0, 1.0, 2.0, 4.0, 2.0, 1.0, 2.0, 2.0
31.0, 1.0, 3.0, 4.0, 2.0, 1.0, 1.0, 2.0
35.0, 1.0, 3.0, 4.0, 2.0, 2.0, 2.0, 2.0
35.0, 1.0, 4.0, 4.0, 2.0, 2.0, 2.0, 2.0
52.0, 1.0, 3.0, 4.0, 2.0, 1.0, 2.0, 1.0
41.0, 1.0, 3.0, 4.0, 2.0, 1.0, 2.0, 1.0
23.0, 3.0, 3.0, 4.0, 2.0, 2.0, 1.0, 2.0
21.0, 2.0, 2.0, 4.0, 2.0, 2.0, 2.0, 2.0
27.0, 3.0, 2.0, 4.0, 2.0, 2.0, 2.0, 2.0
11.0, 3.0, 3.0, 4.0, 2.0, 2.0, 2.0, 2.0
16.0, 1.0, 2.0, 4.0, 2.0, 2.0, 2.0, 2.0
33.0, 1.0, 1.0, 4.0, 2.0, 1.0, 2.0, 2.0
31.0, 4.0, 2.0, 4.0, 2.0, 2.0, 2.0, 2.0
42.0, 1.0, 3.0, 4.0, 2.0, 1.0, 2.0, 2.0
24.0, 1.0, 3.0, 4.0, 2.0, 1.0, 1.0, 2.0
21.0, 1.0, 4.0, 4.0, 2.0, 1.0, 2.0, 2.0
29.0, 1.0, 2.0, 4.0, 2.0, 2.0, 1.0, 2.0
21.0, 3.0, 3.0, 4.0, 2.0, 1.0, 2.0, 2.0
31.0, 3.0, 2.0, 4.0, 2.0, 2.0, 1.0, 1.0
35.0, 1.0, 3.0, 3.0, 2.0, 2.0, 2.0, 2.0
14.0, 1.0, 3.0, 4.0, 2.0, 1.0, 2.0, 2.0
26.0, 1.0, 3.0, 4.0, 2.0, 1.0, 2.0, 2.0
32.0, 1.0, 3.0, 4.0, 2.0, 1.0, 2.0, 1.0
21.0, 2.0, 3.0, 4.0, 2.0, 1.0, 2.0, 2.0
14.0, 1.0, 2.0, 4.0, 2.0, 2.0, 2.0, 2.0
31.0, 1.0, 2.0, 4.0, 2.0, 2.0, 2.0, 2.0
35.0, 1.0, 2.0, 4.0, 2.0, 2.0, 2.0, 2.0
14.0, 1.0, 4.0, 4.0, 2.0, 1.0, 2.0, 1.0
22.0, 1.0, 3.0, 4.0, 2.0, 2.0, 2.0, 2.0
12.0, 3.0, 3.0, 4.0, 2.0, 1.0, 1.0, 1.0
35.0, 1.0, 3.0, 4.0, 2.0, 2.0, 2.0, 1.0
23.0, 1.0, 2.0, 4.0, 2.0, 2.0, 2.0, 2.0
16.0, 1.0, 2.0, 4.0, 2.0, 2.0, 2.0, 2.0
26.0, 1.0, 2.0, 4.0, 2.0, 1.0, 1.0, 2.0
24.0, 1.0, 2.0, 4.0, 2.0, 2.0, 2.0, 2.0
43.0, 2.0, 2.0, 4.0, 2.0, 2.0, 2.0, 2.0
33.0, 1.0, 3.0, 4.0, 2.0, 1.0, 2.0, 2.0
26.0, 1.0, 3.0, 4.0, 2.0, 2.0, 2.0, 2.0
13.0, 1.0, 2.0, 4.0, 2.0, 2.0, 2.0, 2.0
11.0, 1.0, 4.0, 4.0, 2.0, 1.0, 1.0, 2.0
26.0, 1.0, 3.0, 4.0, 2.0, 2.0, 2.0, 1.0
26.0, 1.0, 2.0, 4.0, 2.0, 1.0, 2.0, 2.0
43.0, 1.0, 4.0, 4.0, 2.0, 1.0, 1.0, 2.0
43.0, 1.0, 2.0, 4.0, 2.0, 1.0, 2.0, 2.0
42.0, 1.0, 4.0, 4.0, 2.0, 2.0, 1.0, 2.0
13.0, 2.0, 3.0, 4.0, 2.0, 1.0, 1.0, 2.0
28.0, 1.0, 2.0, 4.0, 2.0, 2.0, 2.0, 2.0
31.0, 1.0, 2.0, 4.0, 2.0, 2.0, 2.0, 2.0
32.0, 1.0, 3.0, 4.0, 2.0, 1.0, 2.0, 1.0
52.0, 1.0, 1.0, 4.0, 2.0, 2.0, 2.0, 2.0
41.0, 1.0, 1.0, 4.0, 2.0, 2.0, 2.0, 2.0
43.0, 1.0, 5.0, 2.0, 2.0, 1.0, 2.0, 1.0
25.0, 1.0, 3.0, 4.0, 2.0, 2.0, 2.0, 2.0
33.0, 1.0, 4.0, 4.0, 2.0, 1.0, 2.0, 2.0
51.0, 2.0, 2.0, 4.0, 2.0, 2.0, 2.0, 2.0
23.0, 2.0, 3.0, 4.0, 2.0, 2.0, 2.0, 2.0
23.0, 2.0, 1.0, 4.0, 2.0, 2.0, 2.0, 2.0
33.0, 2.0, 2.0, 4.0, 2.0, 2.0, 2.0, 2.0
26.0, 1.0, 2.0, 3.0, 2.0, 1.0, 2.0, 2.0
27.0, 1.0, 2.0, 4.0, 2.0, 1.0, 1.0, 2.0
35.0, 1.0, 4.0, 4.0, 2.0, 1.0, 2.0, 2.0
25.0, 1.0, 4.0, 4.0, 2.0, 1.0, 2.0, 2.0
24.0, 2.0, 3.0, 4.0, 2.0, 1.0, 2.0, 2.0
24.0, 1.0, 5.0, 4.0, 2.0, 2.0, 1.0, 2.0
23.0, 2.0, 2.0, 4.0, 2.0, 2.0, 2.0, 2.0
14.0, 1.0, 2.0, 4.0, 2.0, 1.0, 2.0, 2.0
31.0, 1.0, 2.0, 4.0, 2.0, 2.0, 2.0, 2.0
24.0, 2.0, 3.0, 4.0, 2.0, 2.0, 2.0, 2.0
12.0, 2.0, 3.0, 4.0, 2.0, 2.0, 1.0, 2.0
32.0, 1.0, 2.0, 4.0, 2.0, 1.0, 2.0, 2.0
35.0, 1.0, 3.0, 4.0, 2.0, 1.0, 1.0, 1.0
35.0, 1.0, 1.0, 4.0, 2.0, 1.0, 2.0, 2.0
32.0, 1.0, 2.0, 4.0, 2.0, 2.0, 2.0, 2.0
52.0, 3.0, 2.0, 4.0, 2.0, 1.0, 2.0, 2.0
13.0, 2.0, 3.0, 4.0, 2.0, 1.0, 2.0, 2.0
50.0, 1.0, 3.0, 4.0, 2.0, 2.0, 2.0, 2.0
35.0, 1.0, 5.0, 4.0, 2.0, 1.0, 2.0, 2.0
31.0, 4.0, 2.0, 4.0, 2.0, 2.0, 2.0, 2.0
16.0, 3.0, 3.0, 4.0, 2.0, 1.0, 2.0, 2.0
53.0, 1.0, 3.0, 4.0, 2.0, 1.0, 1.0, 1.0
21.0, 2.0, 2.0, 4.0, 2.0, 1.0, 1.0, 2.0
15.0, 2.0, 3.0, 4.0, 2.0, 1.0, 2.0, 1.0
43.0, 1.0, 3.0, 4.0, 2.0, 1.0, 1.0, 1.0
24.0, 1.0, 3.0, 4.0, 2.0, 1.0, 2.0, 2.0
32.0, 1.0, 2.0, 4.0, 2.0, 2.0, 2.0, 2.0
43.0, 1.0, 2.0, 4.0, 2.0, 2.0, 2.0, 2.0
50.0, 1.0, 4.0, 4.0, 2.0, 1.0, 2.0, 2.0
28.0, 1.0, 1.0, 4.0, 2.0, 2.0, 2.0, 2.0
23.0, 1.0, 2.0, 4.0, 2.0, 2.0, 2.0, 2.0
53.0, 1.0, 3.0, 4.0, 2.0, 1.0, 2.0, 1.0
53.0, 1.0, 2.0, 4.0, 2.0, 1.0, 2.0, 1.0
31.0, 1.0, 2.0, 4.0, 2.0, 2.0, 2.0, 2.0
31.0, 1.0, 2.0, 4.0, 2.0, 2.0, 2.0, 2.0
11.0, 3.0, 4.0, 4.0, 2.0, 1.0, 1.0, 1.0
26.0, 1.0, 3.0, 4.0, 2.0, 1.0, 2.0, 2.0
28.0, 5.0, 2.0, 4.0, 2.0, 2.0, 2.0, 2.0
35.0, 1.0, 1.0, 4.0, 2.0, 2.0, 2.0, 2.0
33.0, 1.0, 3.0, 4.0, 2.0, 1.0, 2.0, 2.0
21.0, 2.0, 3.0, 4.0, 2.0, 1.0, 2.0, 2.0
41.0, 1.0, 2.0, 4.0, 2.0, 1.0, 2.0, 2.0
33.0, 1.0, 1.0, 4.0, 2.0, 2.0, 2.0, 2.0
24.0, 1.0, 4.0, 4.0, 2.0, 1.0, 2.0, 1.0
53.0, 1.0, 4.0, 4.0, 2.0, 1.0, 2.0, 2.0
31.0, 1.0, 2.0, 2.0, 2.0, 2.0, 2.0, 2.0
53.0, 1.0, 2.0, 2.0, 1.0, 2.0, 2.0, 2.0
41.0, 1.0, 3.0, 4.0, 2.0, 1.0, 2.0, 2.0
41.0, 1.0, 2.0, 4.0, 2.0, 1.0, 2.0, 2.0
33.0, 2.0, 3.0, 4.0, 1.0, 1.0, 2.0, 2.0
29.0, 1.0, 4.0, 4.0, 2.0, 2.0, 1.0, 2.0
26.0, 1.0, 5.0, 4.0, 2.0, 1.0, 2.0, 2.0
28.0, 1.0, 2.0, 4.0, 2.0, 2.0, 2.0, 2.0
15.0, 1.0, 3.0, 4.0, 2.0, 2.0, 2.0, 2.0
52.0, 2.0, 3.0, 4.0, 2.0, 1.0, 2.0, 2.0
51.0, 1.0, 1.0, 4.0, 2.0, 1.0, 2.0, 2.0
41.0, 1.0, 2.0, 4.0, 2.0, 1.0, 2.0, 2.0
27.0, 1.0, 5.0, 4.0, 2.0, 1.0, 1.0, 1.0
21.0, 1.0, 2.0, 4.0, 2.0, 2.0, 2.0, 2.0
52.0, 3.0, 1.0, 4.0, 2.0, 2.0, 2.0, 2.0
33.0, 1.0, 3.0, 4.0, 2.0, 1.0, 2.0, 2.0
12.0, 1.0, 3.0, 4.0, 2.0, 1.0, 2.0, 2.0
41.0, 1.0, 4.0, 4.0, 2.0, 1.0, 2.0, 1.0
33.0, 1.0, 3.0, 4.0, 2.0, 1.0, 1.0, 2.0
29.0, 1.0, 4.0, 4.0, 2.0, 1.0, 1.0, 2.0
52.0, 1.0, 3.0, 4.0, 2.0, 1.0, 2.0, 1.0
31.0, 2.0, 2.0, 4.0, 2.0, 2.0, 2.0, 2.0
33.0, 1.0, 3.0, 4.0, 2.0, 1.0, 2.0, 2.0
32.0, 1.0, 3.0, 4.0, 2.0, 2.0, 2.0, 2.0
33.0, 1.0, 2.0, 4.0, 2.0, 2.0, 2.0, 2.0
43.0, 1.0, 3.0, 4.0, 2.0, 2.0, 2.0, 2.0
11.0, 3.0, 1.0, 4.0, 2.0, 2.0, 1.0, 2.0
50.0, 2.0, 2.0, 4.0, 2.0, 1.0, 2.0, 2.0
42.0, 4.0, 3.0, 4.0, 2.0, 1.0, 2.0, 2.0
24.0, 1.0, 3.0, 4.0, 2.0, 1.0, 2.0, 2.0
32.0, 1.0, 2.0, 4.0, 2.0, 1.0, 2.0, 2.0
33.0, 1.0, 2.0, 4.0, 2.0, 2.0, 2.0, 2.0
14.0, 1.0, 3.0, 4.0, 2.0, 2.0, 2.0, 2.0
24.0, 1.0, 3.0, 4.0, 2.0, 1.0, 2.0, 2.0
42.0, 1.0, 3.0, 4.0, 2.0, 1.0, 1.0, 2.0
35.0, 1.0, 2.0, 4.0, 2.0, 1.0, 2.0, 2.0
33.0, 1.0, 3.0, 4.0, 2.0, 1.0, 2.0, 2.0
26.0, 2.0, 2.0, 4.0, 2.0, 2.0, 2.0, 2.0
42.0, 1.0, 2.0, 4.0, 2.0, 1.0, 2.0, 2.0
42.0, 1.0, 4.0, 4.0, 2.0, 1.0, 2.0, 1.0
21.0, 2.0, 2.0, 4.0, 2.0, 2.0, 2.0, 2.0
26.0, 1.0, 2.0, 4.0, 2.0, 1.0, 2.0, 2.0
32.0, 1.0, 4.0, 4.0, 2.0, 1.0, 2.0, 1.0
28.0, 1.0, 3.0, 4.0, 2.0, 2.0, 2.0, 2.0
26.0, 3.0, 2.0, 4.0, 2.0, 2.0, 2.0, 2.0
15.0, 1.0, 1.0, 4.0, 2.0, 2.0, 2.0, 2.0
53.0, 1.0, 2.0, 4.0, 2.0, 2.0, 2.0, 2.0
23.0, 1.0, 3.0, 4.0, 2.0, 2.0, 2.0, 2.0
15.0, 3.0, 2.0, 4.0, 2.0, 2.0, 2.0, 2.0
25.0, 1.0, 3.0, 4.0, 2.0, 2.0, 2.0, 2.0
29.0, 1.0, 3.0, 4.0, 2.0, 2.0, 2.0, 2.0
42.0, 1.0, 4.0, 4.0, 2.0, 2.0, 2.0, 2.0
53.0, 1.0, 3.0, 4.0, 2.0, 1.0, 2.0, 2.0
52.0, 1.0, 2.0, 4.0, 2.0, 2.0, 2.0, 2.0
32.0, 1.0, 2.0, 4.0, 2.0, 2.0, 2.0, 2.0
28.0, 1.0, 2.0, 4.0, 2.0, 2.0, 2.0, 2.0
41.0, 1.0, 2.0, 4.0, 2.0, 2.0, 2.0, 2.0
29.0, 1.0, 1.0, 4.0, 2.0, 2.0, 2.0, 2.0
52.0, 1.0, 3.0, 4.0, 2.0, 1.0, 1.0, 2.0
22.0, 1.0, 3.0, 4.0, 2.0, 2.0, 2.0, 2.0
52.0, 3.0, 2.0, 4.0, 2.0, 1.0, 2.0, 2.0
33.0, 1.0, 2.0, 4.0, 2.0, 2.0, 2.0, 2.0
13.0, 3.0, 2.0, 4.0, 2.0, 1.0, 2.0, 2.0
51.0, 3.0, 2.0, 4.0, 2.0, 1.0, 2.0, 2.0
35.0, 1.0, 2.0, 4.0, 2.0, 1.0, 2.0, 2.0
42.0, 1.0, 2.0, 4.0, 2.0, 2.0, 2.0, 2.0
23.0, 1.0, 3.0, 4.0, 2.0, 2.0, 2.0, 2.0
15.0, 1.0, 2.0, 4.0, 2.0, 1.0, 2.0, 2.0
50.0, 1.0, 3.0, 4.0, 2.0, 1.0, 1.0, 2.0
41.0, 3.0, 5.0, 4.0, 2.0, 1.0, 1.0, 2.0
41.0, 4.0, 2.0, 4.0, 2.0, 1.0, 2.0, 2.0
35.0, 1.0, 5.0, 4.0, 2.0, 1.0, 1.0, 1.0
29.0, 2.0, 3.0, 4.0, 1.0, 2.0, 2.0, 2.0
52.0, 1.0, 4.0, 4.0, 2.0, 1.0, 2.0, 1.0
27.0, 1.0, 4.0, 4.0, 2.0, 1.0, 2.0, 2.0
27.0, 1.0, 2.0, 4.0, 2.0, 2.0, 2.0, 2.0
13.0, 1.0, 4.0, 4.0, 2.0, 2.0, 2.0, 2.0
41.0, 1.0, 2.0, 4.0, 2.0, 2.0, 2.0, 2.0
17.0, 1.0, 3.0, 4.0, 2.0, 2.0, 2.0, 2.0
41.0, 1.0, 3.0, 4.0, 2.0, 1.0, 2.0, 2.0
35.0, 1.0, 2.0, 4.0, 2.0, 1.0, 2.0, 2.0
33.0, 1.0, 3.0, 4.0, 2.0, 2.0, 2.0, 2.0
32.0, 1.0, 2.0, 4.0, 2.0, 2.0, 2.0, 2.0
43.0, 3.0, 3.0, 4.0, 2.0, 2.0, 2.0, 2.0
17.0, 4.0, 2.0, 4.0, 2.0, 2.0, 2.0, 2.0
51.0, 1.0, 3.0, 4.0, 2.0, 2.0, 2.0, 2.0
32.0, 1.0, 3.0, 4.0, 2.0, 1.0, 1.0, 2.0
15.0, 4.0, 4.0, 4.0, 2.0, 1.0, 2.0, 1.0
12.0, 1.0, 2.0, 4.0, 2.0, 1.0, 2.0, 2.0
13.0, 6.0, 2.0, 4.0, 2.0, 2.0, 2.0, 2.0
33.0, 1.0, 3.0, 4.0, 2.0, 1.0, 1.0, 2.0
14.0, 1.0, 3.0, 4.0, 2.0, 1.0, 1.0, 2.0
52.0, 1.0, 4.0, 4.0, 2.0, 1.0, 2.0, 2.0
26.0, 6.0, 3.0, 4.0, 2.0, 2.0, 2.0, 2.0
41.0, 1.0, 1.0, 4.0, 2.0, 2.0, 2.0, 2.0
51.0, 1.0, 2.0, 4.0, 2.0, 1.0, 2.0, 2.0
16.0, 2.0, 2.0, 4.0, 2.0, 2.0, 2.0, 2.0
17.0, 1.0, 3.0, 4.0, 2.0, 1.0, 2.0, 2.0
27.0, 1.0, 3.0, 4.0, 2.0, 1.0, 2.0, 2.0
23.0, 2.0, 2.0, 4.0, 2.0, 2.0, 2.0, 2.0
27.0, 1.0, 4.0, 4.0, 2.0, 1.0, 2.0, 2.0
26.0, 2.0, 2.0, 4.0, 2.0, 2.0, 2.0, 2.0
15.0, 2.0, 3.0, 4.0, 2.0, 2.0, 2.0, 1.0
41.0, 2.0, 3.0, 4.0, 2.0, 2.0, 2.0, 1.0
24.0, 1.0, 3.0, 4.0, 2.0, 2.0, 2.0, 2.0
52.0, 1.0, 2.0, 4.0, 2.0, 2.0, 1.0, 2.0
24.0, 1.0, 3.0, 4.0, 2.0, 2.0, 1.0, 1.0
11.0, 1.0, 3.0, 4.0, 2.0, 2.0, 2.0, 2.0
52.0, 1.0, 2.0, 4.0, 2.0, 1.0, 2.0, 2.0
11.0, 3.0, 3.0, 4.0, 2.0, 2.0, 2.0, 2.0
21.0, 2.0, 3.0, 4.0, 2.0, 2.0, 2.0, 2.0
22.0, 1.0, 3.0, 4.0, 2.0, 2.0, 2.0, 2.0
52.0, 1.0, 2.0, 4.0, 2.0, 1.0, 2.0, 1.0
33.0, 1.0, 1.0, 4.0, 2.0, 2.0, 2.0, 2.0
41.0, 1.0, 4.0, 4.0, 2.0, 1.0, 2.0, 2.0
33.0, 1.0, 5.0, 4.0, 2.0, 1.0, 1.0, 2.0
21.0, 1.0, 2.0, 4.0, 2.0, 1.0, 1.0, 2.0
33.0, 1.0, 2.0, 4.0, 2.0, 1.0, 2.0, 2.0
32.0, 1.0, 2.0, 4.0, 2.0, 2.0, 2.0, 2.0
51.0, 1.0, 3.0, 4.0, 2.0, 1.0, 2.0, 2.0
21.0, 1.0, 3.0, 4.0, 2.0, 2.0, 2.0, 2.0
52.0, 1.0, 2.0, 4.0, 2.0, 1.0, 1.0, 2.0
43.0, 1.0, 2.0, 4.0, 2.0, 1.0, 2.0, 2.0
43.0, 1.0, 2.0, 4.0, 2.0, 1.0, 2.0, 2.0
51.0, 1.0, 4.0, 4.0, 2.0, 1.0, 2.0, 2.0
13.0, 1.0, 4.0, 4.0, 2.0, 2.0, 1.0, 2.0
27.0, 1.0, 2.0, 2.0, 2.0, 2.0, 2.0, 2.0
41.0, 1.0, 2.0, 4.0, 2.0, 1.0, 2.0, 2.0
15.0, 2.0, 3.0, 4.0, 2.0, 1.0, 2.0, 2.0
42.0, 1.0, 3.0, 4.0, 2.0, 2.0, 2.0, 2.0
35.0, 1.0, 5.0, 4.0, 2.0, 1.0, 2.0, 2.0
33.0, 1.0, 5.0, 4.0, 2.0, 1.0, 1.0, 1.0
22.0, 1.0, 2.0, 4.0, 2.0, 2.0, 2.0, 2.0
21.0, 1.0, 5.0, 4.0, 2.0, 1.0, 2.0, 1.0
13.0, 1.0, 3.0, 4.0, 2.0, 1.0, 2.0, 2.0
25.0, 1.0, 3.0, 4.0, 2.0, 1.0, 2.0, 2.0
31.0, 1.0, 2.0, 4.0, 2.0, 2.0, 2.0, 2.0
27.0, 1.0, 2.0, 4.0, 2.0, 2.0, 2.0, 2.0
25.0, 1.0, 3.0, 4.0, 2.0, 1.0, 2.0, 2.0
24.0, 6.0, 3.0, 4.0, 2.0, 2.0, 2.0, 2.0
32.0, 2.0, 2.0, 4.0, 2.0, 2.0, 2.0, 2.0
24.0, 1.0, 2.0, 4.0, 2.0, 2.0, 2.0, 2.0
31.0, 3.0, 5.0, 4.0, 2.0, 1.0, 2.0, 2.0
26.0, 1.0, 3.0, 4.0, 2.0, 2.0, 2.0, 2.0
21.0, 1.0, 1.0, 4.0, 2.0, 2.0, 2.0, 2.0
23.0, 1.0, 1.0, 4.0, 2.0, 2.0, 2.0, 2.0
41.0, 1.0, 2.0, 4.0, 2.0, 1.0, 1.0, 2.0
25.0, 1.0, 4.0, 4.0, 2.0, 2.0, 2.0, 2.0
12.0, 2.0, 2.0, 4.0, 2.0, 1.0, 2.0, 2.0
28.0, 1.0, 3.0, 4.0, 2.0, 2.0, 2.0, 2.0
41.0, 4.0, 2.0, 4.0, 2.0, 2.0, 2.0, 2.0
42.0, 1.0, 5.0, 4.0, 2.0, 1.0, 2.0, 2.0
22.0, 1.0, 1.0, 4.0, 2.0, 2.0, 2.0, 2.0
50.0, 1.0, 3.0, 4.0, 2.0, 1.0, 2.0, 2.0
15.0, 1.0, 2.0, 4.0, 2.0, 2.0, 2.0, 2.0
32.0, 1.0, 3.0, 4.0, 2.0, 1.0, 2.0, 1.0
33.0, 1.0, 3.0, 4.0, 2.0, 1.0, 2.0, 1.0
25.0, 3.0, 3.0, 4.0, 2.0, 1.0, 2.0, 2.0
23.0, 1.0, 2.0, 4.0, 2.0, 2.0, 2.0, 2.0
26.0, 1.0, 5.0, 4.0, 2.0, 2.0, 2.0, 2.0
35.0, 1.0, 2.0, 4.0, 2.0, 1.0, 2.0, 2.0
31.0, 1.0, 3.0, 4.0, 2.0, 1.0, 1.0, 2.0
14.0, 2.0, 3.0, 4.0, 2.0, 1.0, 2.0, 1.0
25.0, 2.0, 5.0, 4.0, 2.0, 1.0, 2.0, 2.0
22.0, 1.0, 5.0, 4.0, 2.0, 2.0, 1.0, 2.0
24.0, 6.0, 2.0, 4.0, 2.0, 2.0, 2.0, 2.0
14.0, 1.0, 3.0, 4.0, 2.0, 1.0, 2.0, 2.0
23.0, 2.0, 3.0, 4.0, 2.0, 2.0, 2.0, 2.0
33.0, 1.0, 5.0, 4.0, 2.0, 1.0, 2.0, 1.0
53.0, 1.0, 2.0, 4.0, 2.0, 2.0, 2.0, 2.0
11.0, 3.0, 3.0, 4.0, 2.0, 1.0, 2.0, 2.0
22.0, 1.0, 3.0, 4.0, 2.0, 1.0, 2.0, 2.0
43.0, 1.0, 2.0, 4.0, 2.0, 1.0, 2.0, 2.0
52.0, 1.0, 2.0, 4.0, 2.0, 1.0, 2.0, 2.0
43.0, 1.0, 2.0, 4.0, 2.0, 2.0, 2.0, 2.0
15.0, 2.0, 3.0, 4.0, 2.0, 2.0, 2.0, 2.0
42.0, 3.0, 2.0, 4.0, 2.0, 2.0, 2.0, 2.0
53.0, 1.0, 2.0, 4.0, 2.0, 2.0, 1.0, 1.0
41.0, 1.0, 2.0, 4.0, 2.0, 2.0, 2.0, 2.0
51.0, 1.0, 4.0, 4.0, 2.0, 2.0, 2.0, 2.0
31.0, 1.0, 2.0, 4.0, 2.0, 2.0, 2.0, 2.0
35.0, 1.0, 2.0, 4.0, 2.0, 1.0, 2.0, 1.0
41.0, 1.0, 2.0, 4.0, 2.0, 1.0, 2.0, 2.0
27.0, 2.0, 3.0, 4.0, 2.0, 1.0, 1.0, 2.0
23.0, 1.0, 2.0, 4.0, 2.0, 2.0, 2.0, 2.0
23.0, 1.0, 2.0, 4.0, 2.0, 1.0, 2.0, 2.0
27.0, 1.0, 2.0, 4.0, 2.0, 1.0, 2.0, 2.0
42.0, 3.0, 2.0, 4.0, 2.0, 2.0, 2.0, 2.0
42.0, 1.0, 3.0, 4.0, 2.0, 1.0, 2.0, 1.0
51.0, 1.0, 2.0, 4.0, 2.0, 2.0, 2.0, 2.0
53.0, 1.0, 3.0, 4.0, 2.0, 2.0, 2.0, 2.0
28.0, 2.0, 2.0, 4.0, 2.0, 2.0, 2.0, 2.0
26.0, 6.0, 2.0, 4.0, 2.0, 2.0, 2.0, 2.0
24.0, 1.0, 3.0, 4.0, 2.0, 1.0, 1.0, 2.0
21.0, 2.0, 3.0, 4.0, 2.0, 2.0, 2.0, 2.0
25.0, 6.0, 3.0, 4.0, 2.0, 2.0, 2.0, 2.0
17.0, 2.0, 3.0, 4.0, 2.0, 2.0, 2.0, 2.0
29.0, 1.0, 3.0, 4.0, 2.0, 1.0, 2.0, 2.0
52.0, 3.0, 4.0, 4.0, 2.0, 1.0, 1.0, 1.0
26.0, 1.0, 2.0, 4.0, 2.0, 2.0, 2.0, 2.0
41.0, 1.0, 4.0, 4.0, 2.0, 1.0, 1.0, 2.0
25.0, 1.0, 1.0, 4.0, 2.0, 2.0, 2.0, 2.0
43.0, 1.0, 2.0, 4.0, 2.0, 2.0, 2.0, 2.0
42.0, 1.0, 2.0, 3.0, 2.0, 1.0, 1.0, 2.0
43.0, 2.0, 2.0, 4.0, 2.0, 1.0, 2.0, 2.0
43.0, 1.0, 2.0, 4.0, 2.0, 2.0, 2.0, 2.0
42.0, 5.0, 2.0, 4.0, 2.0, 1.0, 2.0, 2.0
33.0, 1.0, 3.0, 4.0, 2.0, 2.0, 1.0, 2.0
15.0, 3.0, 3.0, 4.0, 2.0, 1.0, 2.0, 2.0
31.0, 1.0, 2.0, 4.0, 2.0, 1.0, 2.0, 2.0
35.0, 2.0, 2.0, 4.0, 2.0, 2.0, 2.0, 2.0
33.0, 1.0, 2.0, 4.0, 2.0, 1.0, 2.0, 2.0
52.0, 1.0, 3.0, 4.0, 2.0, 1.0, 2.0, 2.0
41.0, 1.0, 3.0, 4.0, 2.0, 1.0, 1.0, 2.0
27.0, 1.0, 3.0, 4.0, 2.0, 1.0, 2.0, 2.0
29.0, 1.0, 4.0, 4.0, 2.0, 1.0, 2.0, 1.0
50.0, 1.0, 3.0, 4.0, 2.0, 1.0, 1.0, 2.0
50.0, 1.0, 2.0, 4.0, 2.0, 1.0, 2.0, 2.0
27.0, 1.0, 1.0, 4.0, 2.0, 1.0, 2.0, 2.0
31.0, 1.0, 3.0, 4.0, 2.0, 1.0, 2.0, 2.0
31.0, 1.0, 2.0, 4.0, 2.0, 2.0, 2.0, 2.0
53.0, 1.0, 2.0, 4.0, 2.0, 2.0, 2.0, 2.0
42.0, 1.0, 3.0, 4.0, 2.0, 1.0, 2.0, 2.0
33.0, 1.0, 3.0, 4.0, 2.0, 2.0, 2.0, 2.0
50.0, 1.0, 2.0, 4.0, 2.0, 1.0, 2.0, 2.0
43.0, 1.0, 2.0, 4.0, 2.0, 2.0, 2.0, 2.0
14.0, 1.0, 2.0, 4.0, 2.0, 1.0, 2.0, 2.0
33.0, 1.0, 5.0, 4.0, 2.0, 1.0, 2.0, 1.0
14.0, 1.0, 2.0, 4.0, 2.0, 2.0, 1.0, 2.0
24.0, 1.0, 2.0, 4.0, 2.0, 2.0, 2.0, 2.0
43.0, 2.0, 2.0, 4.0, 2.0, 1.0, 2.0, 2.0
22.0, 1.0, 2.0, 4.0, 2.0, 2.0, 1.0, 2.0
35.0, 1.0, 4.0, 4.0, 2.0, 1.0, 2.0, 1.0
14.0, 1.0, 2.0, 4.0, 2.0, 1.0, 2.0, 2.0
32.0, 1.0, 3.0, 4.0, 2.0, 1.0, 2.0, 1.0
35.0, 1.0, 1.0, 4.0, 2.0, 2.0, 2.0, 2.0
32.0, 1.0, 2.0, 4.0, 2.0, 2.0, 2.0, 2.0
50.0, 1.0, 2.0, 4.0, 2.0, 2.0, 1.0, 2.0
31.0, 1.0, 3.0, 4.0, 2.0, 1.0, 2.0, 2.0
24.0, 1.0, 4.0, 4.0, 2.0, 1.0, 2.0, 2.0
21.0, 6.0, 2.0, 4.0, 2.0, 1.0, 2.0, 2.0
12.0, 1.0, 1.0, 4.0, 2.0, 1.0, 2.0, 2.0
42.0, 1.0, 2.0, 4.0, 2.0, 1.0, 2.0, 2.0
41.0, 1.0, 3.0, 4.0, 2.0, 1.0, 2.0, 2.0
33.0, 3.0, 3.0, 4.0, 2.0, 1.0, 2.0, 1.0
52.0, 1.0, 4.0, 4.0, 2.0, 1.0, 2.0, 2.0
50.0, 1.0, 3.0, 4.0, 2.0, 1.0, 2.0, 2.0
11.0, 3.0, 3.0, 4.0, 2.0, 1.0, 2.0, 2.0
50.0, 1.0, 3.0, 4.0, 2.0, 2.0, 2.0, 2.0
43.0, 1.0, 4.0, 4.0, 2.0, 1.0, 1.0, 2.0
35.0, 1.0, 2.0, 4.0, 2.0, 1.0, 2.0, 1.0
32.0, 1.0, 4.0, 4.0, 2.0, 1.0, 1.0, 1.0
35.0, 1.0, 3.0, 4.0, 2.0, 2.0, 2.0, 2.0
29.0, 1.0, 3.0, 4.0, 2.0, 2.0, 2.0, 2.0
50.0, 1.0, 4.0, 4.0, 2.0, 1.0, 2.0, 2.0
31.0, 1.0, 2.0, 4.0, 2.0, 1.0, 2.0, 2.0
12.0, 6.0, 4.0, 4.0, 2.0, 1.0, 2.0, 2.0
35.0, 1.0, 2.0, 4.0, 2.0, 1.0, 2.0, 2.0
17.0, 2.0, 2.0, 4.0, 2.0, 2.0, 2.0, 2.0
31.0, 1.0, 2.0, 4.0, 2.0, 2.0, 2.0, 1.0
35.0, 1.0, 5.0, 4.0, 2.0, 1.0, 1.0, 2.0
43.0, 2.0, 5.0, 4.0, 2.0, 1.0, 1.0, 1.0
51.0, 1.0, 4.0, 4.0, 2.0, 1.0, 1.0, 1.0
50.0, 1.0, 1.0, 4.0, 2.0, 2.0, 2.0, 2.0
42.0, 1.0, 4.0, 4.0, 2.0, 1.0, 2.0, 1.0
25.0, 1.0, 3.0, 4.0, 2.0, 1.0, 2.0, 2.0
11.0, 2.0, 4.0, 4.0, 2.0, 1.0, 2.0, 2.0
32.0, 1.0, 5.0, 4.0, 2.0, 1.0, 1.0, 1.0
12.0, 1.0, 4.0, 4.0, 2.0, 1.0, 1.0, 1.0
27.0, 1.0, 2.0, 4.0, 2.0, 2.0, 2.0, 2.0
28.0, 1.0, 4.0, 4.0, 2.0, 1.0, 1.0, 1.0
41.0, 2.0, 3.0, 4.0, 2.0, 1.0, 2.0, 2.0
17.0, 1.0, 3.0, 4.0, 2.0, 2.0, 2.0, 2.0
29.0, 1.0, 2.0, 4.0, 2.0, 2.0, 2.0, 2.0
29.0, 1.0, 4.0, 4.0, 2.0, 1.0, 1.0, 2.0
24.0, 1.0, 3.0, 4.0, 2.0, 2.0, 2.0, 2.0
22.0, 1.0, 2.0, 4.0, 2.0, 2.0, 2.0, 2.0
21.0, 1.0, 3.0, 4.0, 2.0, 1.0, 2.0, 2.0
35.0, 1.0, 2.0, 4.0, 2.0, 1.0, 2.0, 2.0
32.0, 4.0, 2.0, 4.0, 2.0, 2.0, 2.0, 2.0
15.0, 1.0, 4.0, 4.0, 2.0, 1.0, 1.0, 2.0
13.0, 2.0, 3.0, 4.0, 2.0, 2.0, 1.0, 2.0
31.0, 4.0, 4.0, 4.0, 2.0, 1.0, 2.0, 2.0
27.0, 1.0, 2.0, 4.0, 2.0, 2.0, 2.0, 2.0
27.0, 1.0, 3.0, 4.0, 2.0, 2.0, 2.0, 2.0
31.0, 1.0, 3.0, 4.0, 2.0, 1.0, 2.0, 2.0
15.0, 1.0, 2.0, 4.0, 2.0, 2.0, 2.0, 2.0
42.0, 2.0, 3.0, 4.0, 2.0, 2.0, 2.0, 2.0
15.0, 1.0, 3.0, 4.0, 2.0, 2.0, 1.0, 2.0
14.0, 1.0, 3.0, 4.0, 2.0, 1.0, 2.0, 2.0
41.0, 1.0, 3.0, 4.0, 2.0, 2.0, 2.0, 2.0
43.0, 1.0, 1.0, 4.0, 2.0, 2.0, 2.0, 2.0
42.0, 1.0, 3.0, 4.0, 2.0, 1.0, 2.0, 2.0
16.0, 6.0, 3.0, 4.0, 2.0, 1.0, 2.0, 1.0
50.0, 1.0, 3.0, 4.0, 2.0, 1.0, 2.0, 2.0
42.0, 1.0, 2.0, 4.0, 2.0, 1.0, 2.0, 2.0
33.0, 1.0, 3.0, 4.0, 2.0, 1.0, 2.0, 2.0
31.0, 2.0, 1.0, 4.0, 2.0, 1.0, 2.0, 2.0
16.0, 1.0, 4.0, 4.0, 2.0, 1.0, 1.0, 1.0
22.0, 1.0, 4.0, 4.0, 2.0, 1.0, 2.0, 2.0
43.0, 1.0, 3.0, 4.0, 2.0, 1.0, 1.0, 2.0
33.0, 1.0, 2.0, 4.0, 2.0, 2.0, 2.0, 2.0
41.0, 1.0, 2.0, 4.0, 2.0, 2.0, 2.0, 2.0
43.0, 1.0, 5.0, 4.0, 2.0, 1.0, 1.0, 2.0
43.0, 2.0, 2.0, 4.0, 2.0, 2.0, 2.0, 2.0
52.0, 1.0, 2.0, 4.0, 2.0, 1.0, 2.0, 2.0
11.0, 1.0, 2.0, 4.0, 2.0, 1.0, 2.0, 2.0
14.0, 3.0, 3.0, 4.0, 2.0, 2.0, 2.0, 2.0
29.0, 1.0, 3.0, 4.0, 2.0, 1.0, 1.0, 2.0
32.0, 1.0, 2.0, 4.0, 2.0, 1.0, 2.0, 2.0
11.0, 3.0, 2.0, 4.0, 2.0, 2.0, 2.0, 2.0
31.0, 1.0, 2.0, 4.0, 2.0, 2.0, 2.0, 2.0
24.0, 1.0, 2.0, 4.0, 2.0, 2.0, 2.0, 2.0
41.0, 1.0, 1.0, 4.0, 2.0, 1.0, 2.0, 2.0
35.0, 1.0, 4.0, 4.0, 2.0, 1.0, 2.0, 1.0
21.0, 2.0, 3.0, 4.0, 2.0, 1.0, 2.0, 2.0
35.0, 4.0, 2.0, 4.0, 2.0, 2.0, 2.0, 2.0
17.0, 1.0, 2.0, 4.0, 2.0, 2.0, 2.0, 2.0
50.0, 1.0, 2.0, 4.0, 2.0, 2.0, 2.0, 2.0
21.0, 1.0, 2.0, 4.0, 2.0, 2.0, 2.0, 2.0
22.0, 3.0, 3.0, 4.0, 2.0, 2.0, 2.0, 2.0
41.0, 1.0, 2.0, 4.0, 2.0, 2.0, 2.0, 2.0
42.0, 2.0, 2.0, 4.0, 2.0, 1.0, 2.0, 2.0
26.0, 2.0, 3.0, 4.0, 2.0, 1.0, 2.0, 2.0
41.0, 1.0, 2.0, 4.0, 2.0, 1.0, 2.0, 2.0
52.0, 1.0, 2.0, 4.0, 2.0, 2.0, 2.0, 2.0
31.0, 1.0, 3.0, 4.0, 2.0, 1.0, 2.0, 2.0
26.0, 1.0, 1.0, 4.0, 2.0, 2.0, 2.0, 2.0
52.0, 1.0, 3.0, 4.0, 2.0, 1.0, 2.0, 2.0
51.0, 1.0, 3.0, 4.0, 2.0, 1.0, 2.0, 2.0
31.0, 1.0, 2.0, 4.0, 2.0, 2.0, 2.0, 2.0
24.0, 1.0, 4.0, 4.0, 2.0, 2.0, 2.0, 2.0
43.0, 1.0, 1.0, 4.0, 2.0, 2.0, 2.0, 2.0
35.0, 1.0, 3.0, 4.0, 2.0, 2.0, 2.0, 2.0
28.0, 1.0, 3.0, 4.0, 2.0, 2.0, 2.0, 2.0
12.0, 2.0, 2.0, 4.0, 2.0, 2.0, 2.0, 2.0
26.0, 1.0, 3.0, 4.0, 2.0, 2.0, 2.0, 2.0
15.0, 3.0, 1.0, 4.0, 2.0, 1.0, 2.0, 2.0
53.0, 1.0, 2.0, 4.0, 2.0, 2.0, 2.0, 2.0
41.0, 1.0, 4.0, 4.0, 2.0, 1.0, 2.0, 2.0
50.0, 1.0, 3.0, 4.0, 2.0, 2.0, 2.0, 2.0
41.0, 1.0, 2.0, 4.0, 2.0, 1.0, 2.0, 2.0
51.0, 1.0, 2.0, 4.0, 2.0, 2.0, 2.0, 2.0
23.0, 2.0, 3.0, 4.0, 2.0, 2.0, 1.0, 1.0
29.0, 1.0, 1.0, 4.0, 2.0, 2.0, 2.0, 2.0
14.0, 1.0, 3.0, 4.0, 2.0, 1.0, 2.0, 1.0
32.0, 1.0, 1.0, 4.0, 2.0, 2.0, 2.0, 2.0
21.0, 1.0, 3.0, 4.0, 2.0, 1.0, 2.0, 2.0
14.0, 1.0, 2.0, 4.0, 2.0, 1.0, 2.0, 2.0
24.0, 1.0, 2.0, 4.0, 2.0, 2.0, 2.0, 2.0
14.0, 1.0, 3.0, 4.0, 2.0, 2.0, 2.0, 2.0
16.0, 1.0, 3.0, 4.0, 2.0, 2.0, 2.0, 2.0
31.0, 1.0, 2.0, 4.0, 2.0, 1.0, 1.0, 1.0
31.0, 1.0, 4.0, 4.0, 2.0, 1.0, 1.0, 1.0
21.0, 1.0, 3.0, 4.0, 2.0, 2.0, 1.0, 2.0
31.0, 1.0, 4.0, 4.0, 2.0, 2.0, 2.0, 2.0
26.0, 2.0, 2.0, 4.0, 2.0, 2.0, 2.0, 2.0
25.0, 1.0, 3.0, 4.0, 2.0, 1.0, 2.0, 1.0
50.0, 2.0, 2.0, 4.0, 2.0, 1.0, 2.0, 2.0
33.0, 1.0, 4.0, 4.0, 2.0, 2.0, 2.0, 2.0
25.0, 1.0, 2.0, 4.0, 2.0, 2.0, 2.0, 2.0
25.0, 3.0, 1.0, 4.0, 2.0, 2.0, 2.0, 2.0
31.0, 1.0, 2.0, 4.0, 2.0, 2.0, 2.0, 2.0
26.0, 1.0, 3.0, 4.0, 2.0, 1.0, 2.0, 2.0
13.0, 6.0, 3.0, 4.0, 2.0, 2.0, 2.0, 2.0
11.0, 4.0, 3.0, 4.0, 2.0, 2.0, 1.0, 2.0
27.0, 1.0, 3.0, 4.0, 2.0, 2.0, 2.0, 2.0
41.0, 1.0, 4.0, 4.0, 2.0, 1.0, 2.0, 2.0
29.0, 1.0, 3.0, 4.0, 2.0, 2.0, 1.0, 2.0
31.0, 4.0, 3.0, 4.0, 2.0, 1.0, 2.0, 2.0
25.0, 1.0, 2.0, 4.0, 2.0, 2.0, 2.0, 2.0
43.0, 1.0, 1.0, 4.0, 2.0, 2.0, 2.0, 2.0
21.0, 1.0, 3.0, 4.0, 2.0, 1.0, 2.0, 2.0
21.0, 1.0, 2.0, 4.0, 2.0, 2.0, 2.0, 2.0
28.0, 1.0, 2.0, 4.0, 2.0, 2.0, 2.0, 2.0
26.0, 6.0, 3.0, 4.0, 2.0, 2.0, 2.0, 1.0
16.0, 2.0, 2.0, 4.0, 2.0, 2.0, 2.0, 2.0
41.0, 4.0, 2.0, 4.0, 2.0, 2.0, 2.0, 2.0
31.0, 1.0, 3.0, 4.0, 2.0, 1.0, 2.0, 1.0
12.0, 1.0, 3.0, 4.0, 2.0, 2.0, 2.0, 2.0
50.0, 1.0, 2.0, 4.0, 2.0, 2.0, 2.0, 2.0
27.0, 1.0, 3.0, 4.0, 2.0, 1.0, 1.0, 2.0
31.0, 1.0, 2.0, 4.0, 2.0, 2.0, 2.0, 2.0
43.0, 1.0, 2.0, 4.0, 2.0, 2.0, 2.0, 2.0
15.0, 6.0, 2.0, 4.0, 2.0, 1.0, 2.0, 2.0
16.0, 2.0, 2.0, 4.0, 2.0, 2.0, 2.0, 2.0
50.0, 1.0, 2.0, 4.0, 2.0, 2.0, 2.0, 2.0
23.0, 1.0, 4.0, 4.0, 2.0, 2.0, 2.0, 2.0
52.0, 1.0, 3.0, 4.0, 2.0, 2.0, 2.0, 2.0
32.0, 1.0, 2.0, 4.0, 2.0, 1.0, 2.0, 2.0
33.0, 1.0, 3.0, 4.0, 2.0, 2.0, 2.0, 2.0
16.0, 1.0, 4.0, 4.0, 2.0, 1.0, 1.0, 1.0
50.0, 1.0, 3.0, 4.0, 2.0, 1.0, 2.0, 2.0
31.0, 1.0, 4.0, 4.0, 2.0, 1.0, 2.0, 2.0
22.0, 1.0, 2.0, 4.0, 2.0, 2.0, 2.0, 2.0
35.0, 1.0, 1.0, 4.0, 2.0, 2.0, 2.0, 2.0
17.0, 3.0, 4.0, 4.0, 2.0, 1.0, 2.0, 1.0
25.0, 1.0, 2.0, 4.0, 2.0, 2.0, 2.0, 2.0
22.0, 1.0, 2.0, 4.0, 2.0, 1.0, 2.0, 2.0
33.0, 1.0, 3.0, 4.0, 2.0, 1.0, 2.0, 2.0
25.0, 1.0, 3.0, 4.0, 2.0, 1.0, 2.0, 2.0
14.0, 2.0, 3.0, 4.0, 2.0, 1.0, 2.0, 2.0
17.0, 1.0, 3.0, 4.0, 2.0, 1.0, 2.0, 2.0
35.0, 1.0, 2.0, 4.0, 2.0, 1.0, 2.0, 2.0
17.0, 1.0, 2.0, 4.0, 2.0, 2.0, 2.0, 2.0
21.0, 2.0, 3.0, 4.0, 2.0, 2.0, 2.0, 2.0
35.0, 2.0, 3.0, 4.0, 1.0, 2.0, 2.0, 2.0
33.0, 1.0, 4.0, 4.0, 2.0, 2.0, 2.0, 1.0
21.0, 2.0, 2.0, 4.0, 2.0, 2.0, 2.0, 2.0
24.0, 3.0, 3.0, 4.0, 2.0, 2.0, 2.0, 2.0
50.0, 2.0, 3.0, 4.0, 2.0, 1.0, 1.0, 2.0
35.0, 1.0, 2.0, 4.0, 2.0, 2.0, 2.0, 2.0
33.0, 1.0, 2.0, 4.0, 2.0, 2.0, 2.0, 2.0
35.0, 1.0, 3.0, 4.0, 2.0, 1.0, 2.0, 2.0
28.0, 1.0, 3.0, 4.0, 2.0, 2.0, 2.0, 2.0
12.0, 2.0, 2.0, 4.0, 2.0, 2.0, 2.0, 2.0
31.0, 3.0, 3.0, 4.0, 2.0, 1.0, 2.0, 2.0
11.0, 3.0, 3.0, 4.0, 2.0, 1.0, 2.0, 2.0
25.0, 1.0, 2.0, 4.0, 2.0, 2.0, 2.0, 2.0
33.0, 1.0, 2.0, 4.0, 2.0, 1.0, 2.0, 2.0
25.0, 1.0, 2.0, 4.0, 2.0, 2.0, 2.0, 2.0
14.0, 1.0, 2.0, 4.0, 2.0, 2.0, 2.0, 2.0
33.0, 1.0, 3.0, 4.0, 2.0, 2.0, 2.0, 2.0
11.0, 1.0, 1.0, 4.0, 2.0, 2.0, 2.0, 2.0
22.0, 1.0, 2.0, 4.0, 2.0, 2.0, 2.0, 2.0
50.0, 2.0, 3.0, 4.0, 2.0, 1.0, 2.0, 2.0
29.0, 1.0, 3.0, 4.0, 2.0, 2.0, 2.0, 2.0
29.0, 1.0, 3.0, 4.0, 2.0, 2.0, 2.0, 2.0
13.0, 3.0, 2.0, 4.0, 2.0, 2.0, 2.0, 2.0
32.0, 1.0, 2.0, 4.0, 2.0, 1.0, 1.0, 2.0
32.0, 1.0, 2.0, 4.0, 2.0, 1.0, 2.0, 2.0
53.0, 1.0, 3.0, 4.0, 2.0, 1.0, 2.0, 1.0
23.0, 3.0, 3.0, 4.0, 2.0, 1.0, 2.0, 2.0
31.0, 3.0, 3.0, 4.0, 2.0, 1.0, 2.0, 2.0
33.0, 2.0, 1.0, 4.0, 2.0, 2.0, 2.0, 2.0
35.0, 1.0, 2.0, 4.0, 2.0, 2.0, 1.0, 2.0
33.0, 1.0, 3.0, 4.0, 2.0, 1.0, 1.0, 2.0
53.0, 1.0, 5.0, 4.0, 2.0, 1.0, 2.0, 2.0
28.0, 1.0, 3.0, 4.0, 2.0, 2.0, 2.0, 2.0
42.0, 1.0, 3.0, 4.0, 2.0, 1.0, 2.0, 2.0
13.0, 2.0, 1.0, 4.0, 2.0, 2.0, 2.0, 2.0
26.0, 2.0, 2.0, 4.0, 2.0, 2.0, 2.0, 2.0
43.0, 1.0, 2.0, 4.0, 2.0, 2.0, 2.0, 2.0
17.0, 1.0, 3.0, 4.0, 2.0, 2.0, 1.0, 2.0
31.0, 1.0, 3.0, 4.0, 2.0, 2.0, 2.0, 2.0
42.0, 1.0, 2.0, 4.0, 2.0, 2.0, 2.0, 2.0
51.0, 3.0, 2.0, 4.0, 2.0, 2.0, 2.0, 2.0
29.0, 1.0, 3.0, 4.0, 2.0, 2.0, 2.0, 2.0
28.0, 1.0, 3.0, 4.0, 2.0, 2.0, 2.0, 2.0
43.0, 1.0, 3.0, 4.0, 2.0, 2.0, 2.0, 2.0
21.0, 1.0, 3.0, 4.0, 2.0, 2.0, 1.0, 2.0
50.0, 2.0, 3.0, 4.0, 2.0, 2.0, 1.0, 2.0
43.0, 1.0, 3.0, 4.0, 2.0, 1.0, 1.0, 2.0
35.0, 1.0, 3.0, 4.0, 2.0, 1.0, 1.0, 2.0
25.0, 1.0, 3.0, 4.0, 2.0, 2.0, 1.0, 2.0
41.0, 1.0, 2.0, 4.0, 2.0, 2.0, 2.0, 2.0
24.0, 1.0, 4.0, 4.0, 2.0, 2.0, 2.0, 2.0
51.0, 1.0, 2.0, 4.0, 2.0, 1.0, 2.0, 2.0
43.0, 1.0, 5.0, 4.0, 2.0, 1.0, 1.0, 1.0
29.0, 1.0, 3.0, 4.0, 2.0, 1.0, 2.0, 1.0
17.0, 4.0, 3.0, 4.0, 2.0, 2.0, 1.0, 2.0
15.0, 3.0, 2.0, 4.0, 2.0, 2.0, 2.0, 2.0
13.0, 2.0, 2.0, 4.0, 2.0, 2.0, 2.0, 2.0
32.0, 1.0, 3.0, 4.0, 2.0, 2.0, 2.0, 2.0
14.0, 1.0, 3.0, 4.0, 2.0, 1.0, 2.0, 2.0
42.0, 1.0, 2.0, 4.0, 2.0, 1.0, 2.0, 2.0
31.0, 1.0, 3.0, 4.0, 2.0, 1.0, 2.0, 1.0
35.0, 4.0, 3.0, 4.0, 2.0, 1.0, 1.0, 2.0
13.0, 1.0, 2.0, 4.0, 2.0, 2.0, 2.0, 2.0
29.0, 3.0, 3.0, 4.0, 2.0, 2.0, 2.0, 2.0
42.0, 1.0, 3.0, 4.0, 2.0, 1.0, 2.0, 2.0
17.0, 1.0, 2.0, 4.0, 2.0, 1.0, 2.0, 2.0
24.0, 1.0, 2.0, 4.0, 2.0, 1.0, 2.0, 2.0
41.0, 1.0, 3.0, 4.0, 2.0, 1.0, 2.0, 1.0
25.0, 1.0, 3.0, 4.0, 2.0, 1.0, 2.0, 2.0
31.0, 1.0, 2.0, 4.0, 2.0, 2.0, 2.0, 2.0
42.0, 1.0, 3.0, 4.0, 2.0, 1.0, 2.0, 2.0
53.0, 1.0, 2.0, 3.0, 2.0, 2.0, 2.0, 2.0
41.0, 1.0, 3.0, 4.0, 2.0, 1.0, 2.0, 2.0
31.0, 1.0, 2.0, 4.0, 2.0, 2.0, 2.0, 2.0
35.0, 1.0, 2.0, 4.0, 2.0, 2.0, 2.0, 2.0
35.0, 1.0, 2.0, 4.0, 2.0, 2.0, 2.0, 2.0
35.0, 1.0, 3.0, 4.0, 2.0, 1.0, 2.0, 2.0
26.0, 1.0, 3.0, 4.0, 2.0, 2.0, 2.0, 2.0
22.0, 1.0, 3.0, 4.0, 2.0, 2.0, 1.0, 2.0
27.0, 2.0, 3.0, 4.0, 2.0, 1.0, 1.0, 2.0
33.0, 1.0, 3.0, 4.0, 2.0, 1.0, 2.0, 2.0
23.0, 1.0, 2.0, 4.0, 2.0, 2.0, 2.0, 2.0
17.0, 1.0, 1.0, 4.0, 2.0, 1.0, 2.0, 2.0
29.0, 1.0, 3.0, 4.0, 2.0, 2.0, 2.0, 2.0
32.0, 1.0, 1.0, 4.0, 2.0, 2.0, 2.0, 2.0
35.0, 1.0, 2.0, 4.0, 2.0, 2.0, 2.0, 2.0
13.0, 1.0, 2.0, 4.0, 2.0, 2.0, 2.0, 2.0
24.0, 6.0, 3.0, 4.0, 2.0, 1.0, 2.0, 2.0
41.0, 1.0, 2.0, 4.0, 2.0, 2.0, 1.0, 2.0
25.0, 2.0, 5.0, 4.0, 2.0, 1.0, 2.0, 2.0
26.0, 1.0, 4.0, 4.0, 2.0, 2.0, 1.0, 2.0
24.0, 1.0, 3.0, 4.0, 2.0, 1.0, 1.0, 2.0
28.0, 1.0, 3.0, 4.0, 2.0, 2.0, 2.0, 2.0
51.0, 1.0, 3.0, 4.0, 2.0, 1.0, 2.0, 1.0
50.0, 1.0, 1.0, 4.0, 2.0, 2.0, 2.0, 2.0
43.0, 1.0, 1.0, 4.0, 2.0, 2.0, 2.0, 2.0
50.0, 2.0, 4.0, 4.0, 2.0, 1.0, 2.0, 2.0
41.0, 1.0, 2.0, 4.0, 2.0, 2.0, 2.0, 2.0
13.0, 1.0, 4.0, 4.0, 2.0, 1.0, 2.0, 2.0
42.0, 1.0, 3.0, 4.0, 2.0, 2.0, 2.0, 2.0
51.0, 1.0, 3.0, 4.0, 2.0, 1.0, 2.0, 2.0
27.0, 1.0, 3.0, 4.0, 2.0, 1.0, 2.0, 2.0
24.0, 1.0, 2.0, 4.0, 2.0, 1.0, 2.0, 2.0
23.0, 1.0, 2.0, 4.0, 2.0, 2.0, 2.0, 2.0
33.0, 1.0, 3.0, 4.0, 2.0, 1.0, 1.0, 2.0
53.0, 1.0, 1.0, 4.0, 2.0, 2.0, 2.0, 2.0
35.0, 1.0, 3.0, 4.0, 2.0, 1.0, 2.0, 1.0
43.0, 1.0, 4.0, 4.0, 2.0, 1.0, 1.0, 2.0
41.0, 1.0, 4.0, 4.0, 2.0, 1.0, 2.0, 1.0
23.0, 1.0, 3.0, 4.0, 2.0, 1.0, 2.0, 2.0
43.0, 1.0, 2.0, 3.0, 2.0, 2.0, 2.0, 2.0
42.0, 1.0, 3.0, 4.0, 2.0, 1.0, 2.0, 1.0
53.0, 1.0, 3.0, 4.0, 2.0, 1.0, 2.0, 2.0
26.0, 6.0, 4.0, 4.0, 2.0, 1.0, 2.0, 2.0
35.0, 1.0, 3.0, 4.0, 2.0, 1.0, 1.0, 1.0
33.0, 2.0, 3.0, 4.0, 2.0, 2.0, 2.0, 2.0
42.0, 1.0, 1.0, 4.0, 2.0, 1.0, 2.0, 2.0
35.0, 1.0, 2.0, 4.0, 2.0, 2.0, 2.0, 2.0
17.0, 1.0, 2.0, 4.0, 2.0, 1.0, 2.0, 1.0
15.0, 3.0, 1.0, 4.0, 2.0, 1.0, 2.0, 2.0
50.0, 3.0, 1.0, 4.0, 2.0, 2.0, 2.0, 2.0
31.0, 4.0, 2.0, 4.0, 2.0, 2.0, 2.0, 2.0
33.0, 1.0, 3.0, 4.0, 2.0, 1.0, 2.0, 2.0
42.0, 4.0, 2.0, 4.0, 2.0, 2.0, 2.0, 2.0
50.0, 1.0, 1.0, 2.0, 2.0, 1.0, 2.0, 2.0
42.0, 1.0, 3.0, 4.0, 2.0, 1.0, 2.0, 2.0
50.0, 1.0, 1.0, 4.0, 2.0, 2.0, 2.0, 2.0
21.0, 2.0, 2.0, 4.0, 2.0, 2.0, 2.0, 2.0
31.0, 1.0, 3.0, 4.0, 2.0, 2.0, 1.0, 1.0
12.0, 2.0, 3.0, 4.0, 2.0, 1.0, 2.0, 2.0
33.0, 1.0, 3.0, 4.0, 2.0, 1.0, 2.0, 2.0
52.0, 1.0, 3.0, 4.0, 2.0, 2.0, 2.0, 2.0
23.0, 1.0, 3.0, 4.0, 2.0, 2.0, 2.0, 2.0
53.0, 1.0, 2.0, 4.0, 2.0, 2.0, 2.0, 2.0
16.0, 3.0, 2.0, 4.0, 2.0, 2.0, 2.0, 2.0
12.0, 1.0, 5.0, 4.0, 2.0, 2.0, 2.0, 2.0
21.0, 3.0, 3.0, 4.0, 2.0, 1.0, 2.0, 2.0
23.0, 1.0, 3.0, 4.0, 2.0, 2.0, 2.0, 2.0
42.0, 1.0, 4.0, 4.0, 2.0, 2.0, 1.0, 2.0
31.0, 1.0, 4.0, 4.0, 2.0, 1.0, 1.0, 1.0
21.0, 2.0, 3.0, 4.0, 2.0, 2.0, 2.0, 2.0
33.0, 1.0, 2.0, 4.0, 2.0, 2.0, 2.0, 2.0
42.0, 1.0, 2.0, 4.0, 2.0, 2.0, 2.0, 2.0
50.0, 1.0, 2.0, 4.0, 2.0, 2.0, 2.0, 2.0
31.0, 1.0, 3.0, 4.0, 2.0, 1.0, 2.0, 1.0
24.0, 1.0, 2.0, 4.0, 2.0, 2.0, 2.0, 2.0
53.0, 1.0, 3.0, 4.0, 2.0, 1.0, 1.0, 1.0
14.0, 1.0, 3.0, 4.0, 2.0, 2.0, 2.0, 2.0
29.0, 3.0, 3.0, 4.0, 2.0, 1.0, 2.0, 1.0
16.0, 1.0, 2.0, 4.0, 2.0, 1.0, 2.0, 2.0
26.0, 6.0, 2.0, 4.0, 2.0, 2.0, 2.0, 2.0
42.0, 1.0, 3.0, 4.0, 2.0, 1.0, 2.0, 1.0
51.0, 1.0, 3.0, 4.0, 2.0, 2.0, 2.0, 2.0
43.0, 2.0, 3.0, 4.0, 2.0, 1.0, 2.0, 2.0
26.0, 1.0, 4.0, 4.0, 2.0, 1.0, 2.0, 2.0
33.0, 1.0, 4.0, 4.0, 2.0, 1.0, 2.0, 2.0
52.0, 1.0, 4.0, 4.0, 2.0, 2.0, 1.0, 2.0
11.0, 1.0, 1.0, 3.0, 2.0, 1.0, 2.0, 2.0
26.0, 1.0, 3.0, 4.0, 2.0, 1.0, 1.0, 2.0
51.0, 1.0, 3.0, 4.0, 2.0, 1.0, 2.0, 2.0
29.0, 1.0, 1.0, 4.0, 2.0, 2.0, 2.0, 2.0
41.0, 1.0, 3.0, 4.0, 2.0, 1.0, 2.0, 2.0
52.0, 1.0, 3.0, 4.0, 2.0, 1.0, 2.0, 1.0
43.0, 1.0, 2.0, 4.0, 2.0, 2.0, 2.0, 2.0
27.0, 2.0, 2.0, 4.0, 2.0, 2.0, 2.0, 2.0
33.0, 1.0, 3.0, 4.0, 2.0, 2.0, 2.0, 2.0
33.0, 4.0, 3.0, 4.0, 2.0, 1.0, 2.0, 1.0
51.0, 1.0, 2.0, 4.0, 2.0, 2.0, 2.0, 2.0
14.0, 2.0, 3.0, 4.0, 2.0, 1.0, 2.0, 2.0
27.0, 2.0, 3.0, 4.0, 2.0, 2.0, 2.0, 2.0
53.0, 1.0, 2.0, 4.0, 2.0, 2.0, 2.0, 2.0
23.0, 1.0, 4.0, 4.0, 2.0, 1.0, 1.0, 2.0
52.0, 1.0, 2.0, 4.0, 2.0, 1.0, 2.0, 2.0
26.0, 1.0, 2.0, 4.0, 2.0, 1.0, 2.0, 2.0
33.0, 1.0, 2.0, 4.0, 2.0, 2.0, 2.0, 2.0
21.0, 1.0, 2.0, 4.0, 2.0, 2.0, 2.0, 2.0
43.0, 1.0, 2.0, 4.0, 2.0, 1.0, 1.0, 2.0
50.0, 1.0, 3.0, 4.0, 2.0, 1.0, 1.0, 2.0
22.0, 2.0, 4.0, 4.0, 2.0, 2.0, 2.0, 2.0
35.0, 1.0, 3.0, 4.0, 2.0, 1.0, 2.0, 2.0
